"Name","BM1014.1","BM1126.1","BM1284.5","BM374.4","BM943.1","X4959BM1","BM1072.1","BM1284.1","BM374.1","BM911.1","BM943.4"
"DPM1",9.6892296610125,9.58081444359061,10.0533429217561,9.85648218636482,9.6023825953121,9.79916143240858,9.33395244834481,9.6892296610125,9.89193098878899,9.85328374886784,10.1514767093215
"LASP1",11.7102868941982,11.5003921645393,11.2199942161505,11.9502995877811,11.6706106043576,12.31023533491,11.6282751795103,11.7102868941982,11.3544508640991,12.3050222914857,10.6519960081706
"RBM6",11.703693474331,11.6796233410156,11.5592725955626,11.3825761672099,11.6568653007144,11.6484655958247,10.9991208709802,11.703693474331,11.563404059213,11.4992823458358,11.8071472234277
"HOXA11","-Inf",-2.96470266893664,"-Inf","-Inf","-Inf",3.6494902667871,"-Inf","-Inf","-Inf","-Inf",-2.03243590471492
"CREBBP",11.7786748228776,11.6422528481919,10.9383980856005,11.5029538667124,11.7281774291679,11.7776717344303,11.8944516720189,11.7786748228776,11.5524665810732,11.9418092832449,10.9182110774335
"BAIAP2L1",-0.468397457560326,0.270556450500592,1.29345818515434,"-Inf",0.485654548914132,2.08568298567512,0.089056054364727,-0.468397457560326,-0.625130781944895,2.06034004463233,-3.51218439977062
"ETV1",1.70350784016629,3.08553819093308,3.62493923943269,"-Inf","-Inf",4.72155842594901,-1.31983410073584,1.70350784016629,0.179977223410473,3.16379996003207,0.078783330201527
"GAS7",9.56795353216426,10.918688189593,9.89192701342557,7.01281553736883,11.7094223170839,12.6596084306432,11.0817672602565,9.56795353216426,9.13751585525605,10.8405198893804,8.89586425289736
"TEAD3",2.00877872587514,2.59438062345087,-1.20907452758783,0.566458636454532,1.3257024373383,6.12755489089062,3.60945310858341,2.00877872587514,-0.214673768684631,3.3587629378566,1.7277044152215
"TENM1",3.70627116459006,0.740383614631616,6.2834510051416,8.59602008597642,2.82829462918438,7.23987159638786,3.17469579144741,3.70627116459006,4.55733423425213,4.60327993791233,1.10177040770804
"PAX7","-Inf","-Inf","-Inf",1.20775919318227,"-Inf","-Inf",2.8857143321883,"-Inf","-Inf","-Inf",-1.31534999807922
"ZNF207",12.9043853892483,12.7728880526668,13.3595082049225,12.8025206447332,12.778831842815,13.0785659098671,13.1012797910323,12.9043853892483,12.8712783442108,13.030465960914,13.3087329758807
"MBTD1",9.97324822582279,9.56708814642322,10.3254646015498,9.75637176750832,9.77084375530358,9.26664069699628,9.42389321141388,9.97324822582279,10.3659184567057,9.26555962764776,10.2452730506285
"ERCC1",11.2997963473834,11.453628696427,11.5382999037289,11.6374465435646,11.4629529927499,11.630418609155,11.4477339756795,11.2997963473834,11.372253058441,10.7984348567809,12.0636675311038
"TACC3",10.8695587076755,11.0602144741412,10.4256218824613,10.339062545178,9.65478475090715,11.2814651719315,10.6802673621604,10.8695587076755,10.9487811804023,11.7557348641551,9.64056422642969
"CCDC88C",9.80451100347768,9.83139792961723,9.66837419930683,9.83508445683569,10.5155057719091,11.4011537330113,10.2809520941367,9.80451100347768,10.3810005018674,11.0013178338133,9.38572237479355
"ZMYND11",10.9312884053705,10.8872671336354,10.5580495609324,11.0006745403155,11.1576787379086,10.5917947975972,10.8598580598279,10.9312884053705,10.8337505955384,10.5659147095459,11.1015614096629
"WWTR1",2.83022002720368,"-Inf",1.11175581753144,1.08557150180865,-0.036185588099133,2.69609933972099,0.567683674959417,2.83022002720368,0.443012478238244,2.88487803254797,-0.29634997567502
"CD74",16.2880710103099,16.4704819999204,15.3341584265718,16.9150767330712,16.5187441068091,15.6828852815979,16.8027038995135,16.2880710103099,16.075481887443,16.171372072463,15.667522100635
"ZFP64",8.90643900647461,9.49348548359388,8.65872760384673,9.23778448122243,9.22345487602047,9.16767014884507,8.96714245325922,8.90643900647461,9.0739364248904,8.90318058879212,8.7559965149657
"BIRC3",5.54861898462024,5.53332035573108,6.13440837113467,4.83228268891196,6.62527887779189,10.2892370193662,6.44632541803165,5.54861898462024,6.09448628140569,9.73149575882914,5.58512212008575
"CCDC28A",8.24676800350161,8.27891295582548,8.90202902817588,8.22207352472778,8.57164413207282,8.77620769779641,8.24070612717681,8.24676800350161,8.49150366132829,8.63049174198476,8.93853263701427
"RABEP1",10.3456283759057,10.1485132960755,10.414689688602,10.4268908742809,10.5665016076993,10.72469633568,10.0457063148023,10.3456283759057,10.6083612031828,10.2535500760128,10.6561633452902
"PHF23",9.14789876054223,9.3204391801467,9.5485007025924,9.42118450207502,9.5936625181577,8.79661435880581,8.54018585374229,9.14789876054223,9.50039016265996,8.84433725664721,8.9783552035475
"OFD1",10.5314978247751,10.5611211156701,10.7574140540836,9.77090683320646,10.5314632385367,10.2908618166829,9.93593888402514,10.5314978247751,10.5023844226852,9.9679869148846,11.9329149702173
"ROS1",-0.836125185532901,-0.114227303096649,-1.1216560276384,"-Inf",-4.28360429891651,-4.5305890975605,"-Inf",-0.836125185532901,-1.69365375621325,"-Inf","-Inf"
"TNFRSF17",3.68976432672786,3.82023186877473,3.23838425482093,3.65425817194374,4.17769084877906,7.24694174959136,4.39459816867521,3.68976432672786,4.26266090986865,6.07636187827178,3.25664355955522
"LTBP1",7.79878521017305,4.088749745139,7.04583820081856,4.39250949453228,1.86955322822056,7.44739468243521,2.57997442565657,7.79878521017305,6.40088658998305,6.87370133841208,5.47760668040068
"ELN",4.70951364061025,-0.360995721829799,3.32247852230009,8.85088922317229,0.860880979934992,1.87317614624742,2.96301886336934,4.70951364061025,5.18252164265745,3.22189826518952,1.95284419749225
"THRAP3",11.9062234052941,11.4713937760671,11.9597838738166,12.3326868247299,11.5259052145738,11.4106555732695,11.274705056996,11.9062234052941,11.8010494504764,11.4721599795631,11.5167611683712
"AHRR",1.95841063704739,3.62548547466692,2.35262181840725,4.74829580737004,3.12460622406612,2.78652568901144,4.67812820293394,1.95841063704739,5.4844225165094,3.24237751026797,1.82958981077342
"NGFR",2.88294837934926,5.96257659951147,-1.4499937880628,6.28795452886193,5.28916872468154,1.49470488847373,7.11643007326444,2.88294837934926,4.69176389469617,3.58110306299149,4.44237871115696
"SUGP2",11.4340063290589,11.6016552707004,11.3515809060882,11.1767357777359,11.7311501333169,11.4157961524323,11.8358341765023,11.4340063290589,11.3565696897744,11.2571957363548,11.34252797314
"DDX20",8.17994385357177,8.71459530132741,8.62481403626393,7.3497858814216,8.22639737558433,8.39877961139157,8.71747999413256,8.17994385357177,7.81243139003921,8.23048516091285,9.16948633041791
"WDR18",8.35714556481018,7.46767384418261,6.82199755208939,8.1618503048075,7.86594723773933,9.0841250793549,7.49949199283261,8.35714556481018,7.84661546599386,8.76075275905003,7.40394674904759
"ERBB3",2.47399440584402,0.937830231119997,1.18390695472713,3.49623210847769,1.09746382300992,3.57954282832241,3.76715506466925,2.47399440584402,1.86710612497821,0.06475733441484,4.16557843288501
"FGFR2",0.383285694689956,"-Inf",1.99158333928696,-1.05688133135713,"-Inf",3.54099969397128,1.1028274155644,0.383285694689956,-0.908453158880319,-1.29757649801314,1.01810641867478
"EML1",4.23449051410436,2.12264919823105,2.23821975676441,-0.81428312224503,2.0226380377937,1.81230804402912,1.25884149756892,4.23449051410436,"-Inf",-0.285991048755243,3.34340156823679
"TP53BP1",10.4536079691132,10.4141212780957,10.6316457544788,10.1000339281817,10.3523565184573,9.98766392713813,10.3962093375788,10.4536079691132,10.3635601969709,9.88314364339757,10.710599848393
"CBFB",11.2193418144008,11.5225769717036,11.0637548573769,11.4475137346152,11.203514870562,11.6198250949695,11.2610035684955,11.2193418144008,11.4072043719155,11.8352641759402,11.4337713255945
"FGFR3",3.93194595151361,0.879621083870706,2.10167696671132,1.51876222598276,0.992272464418081,3.30412286374007,1.28714305594071,3.93194595151361,2.55048946258467,2.87279133760821,0.452291788449036
"BCL3",6.93037251427587,8.20499402176708,6.3529543121342,7.58485546681247,6.49795968185735,8.75987639534015,8.38557580851859,6.93037251427587,6.51563340971421,9.28164513782384,7.31472166385463
"TGFBR3",5.73763406530815,6.06315106991153,5.51943562959376,6.29270484638007,6.57387456254742,9.86665548287186,8.2658619734893,5.73763406530815,6.87611146158525,9.84839341160998,5.74629099683157
"CLTCL1",7.36516595118931,6.87612988402826,8.34641847225779,5.13471396801473,6.4178956938492,9.27242429418056,5.89136561947914,7.36516595118931,6.22202055096997,8.27786375848982,7.08645232509382
"TCF3",12.5824081171702,12.4665159462482,11.7960365534451,12.51790470119,12.6557176614687,10.8871248124618,12.8740956048265,12.5824081171702,12.7232059596155,12.3708925553871,11.5458853956392
"PRKACA",-0.635064558470576,-0.605595614599375,-0.276423964658962,-0.945787768529927,1.60853959906105,0.015247773698937,-1.83921402225119,-0.635064558470576,0.99977564347697,-2.88753738943083,-0.377013441277076
"TFRC",12.1010555065448,10.4134799425964,11.9158677689023,10.3582936857751,10.0429181474499,11.7657932219531,10.1680801069137,12.1010555065448,11.861386825079,11.6597826337695,11.0455949445236
"AFF4",11.3161272490442,11.4220208558402,11.3667694607083,11.3219292428439,11.2745322862317,11.5959634114113,12.1166070861163,11.3161272490442,11.2137511512524,11.5643253698995,11.4556009113029
"TRHDE",-3.53513102417029,"-Inf","-Inf",-5.11298639184332,-0.094114639707904,"-Inf","-Inf",-3.53513102417029,0.205767840149818,"-Inf",-2.84355678296925
"FCGR2B",5.86762207880715,4.90512779607843,6.11650800843178,4.26821541250216,7.19435990604201,9.24212142497032,5.1451558307252,5.86762207880715,5.39256939150794,7.31471545637342,4.14280502006208
"NDE1",8.5763245625436,8.30127255763233,8.57885678198689,8.39028705455349,8.42896352439226,8.91663218258358,8.08176333771791,8.5763245625436,8.7602342620544,8.81735468404087,7.70372501418013
"KDM5A",10.8842694265846,10.7923692261463,11.2978140916623,11.1271347286069,10.8349426156724,10.7941388926811,9.87397292481505,10.8842694265846,11.1951265616619,10.7768126276195,10.4247491269672
"ST6GAL1",10.5057799174732,10.3714875090798,10.4767470685438,11.2488550123005,10.7595961626764,11.8383648190286,10.4357948283692,10.5057799174732,10.5444499575174,11.2183611557369,10.4970343565612
"PICALM",12.5834036056825,12.0900115575268,12.7477978778912,12.2879887676719,12.3934406822009,12.4873969458886,12.1297188269629,12.5834036056825,12.921525063832,12.4889237118278,12.4232842724485
"TEAD2",8.08829971697023,1.34742131279601,5.15838303980844,3.70365733247786,4.20760350293989,4.8090356613412,4.97697642182127,8.08829971697023,4.21890854082103,7.50298835830955,5.70177182024647
"FRYL",11.0715049475773,10.7884751246977,11.3071624246298,10.524593857774,10.905469507816,11.1180738406235,10.4134917571477,11.0715049475773,11.2345377594277,11.0720580082713,11.2917210314356
"BAZ2A",13.2727776651558,13.0154263621654,12.7070434594718,13.6058853350565,13.1066085637274,13.0264099309443,13.1784938384085,13.2727776651558,13.1176415216956,13.2862631598281,12.3986071725982
"NT5C2",12.9665870051297,12.4744893498451,13.453283668758,12.6472440347223,12.9934865700733,12.1122597093203,12.656215223519,12.9665870051297,13.0173217351672,12.5975634553564,13.3991320366818
"TOP2B",13.4744544127241,13.5181330858141,13.3395917466815,13.4233378104182,13.222959860635,11.7658464199361,13.7192644482734,13.4744544127241,13.6280386060675,12.7768319153767,14.0806058639406
"FGFR1",8.95754651474527,10.3826110390191,8.44954409600823,9.77083476164335,9.89879816544665,7.83952008163529,11.1077957679792,8.95754651474527,8.18869834791551,9.50153036566581,9.70172010173994
"HOXA9",3.00332410431904,0.364339341180801,3.51846111398675,"-Inf","-Inf",8.8396685571276,0.914917309223411,3.00332410431904,2.53400829744142,4.66041070123846,-1.98621046867077
"MLLT10",10.6552939335874,10.0290412879375,10.8229521571041,10.0647986435172,10.1959681603612,10.927625675658,10.0626785513615,10.6552939335874,10.367157064648,10.3475794976953,11.1274397811656
"PCM1",11.6773591214515,11.6192684623936,11.8038874038171,11.056892596491,11.2307011616738,12.0044733775977,11.5076188337276,11.6773591214515,11.6210680842486,11.6503978406848,11.8848706730512
"RUNX1T1",2.5051234048765,"-Inf",1.73185532874364,1.86564093541438,"-Inf",2.48323510059253,0.170323771355069,2.5051234048765,3.08570473762023,"-Inf",0.67326876081587
"CIC",9.71294939891148,10.392347349803,7.90812808341543,9.2408074640254,9.75213766788448,9.51047419563952,9.2363898226975,9.71294939891148,9.16424334801073,9.7649814005236,7.99521734681721
"HSP90AA1",12.5973549811867,12.709105084389,13.1372481171283,12.5996819867014,12.5191611097752,13.246106013619,12.6123343163436,12.5973549811867,12.6913110457695,13.6073404433291,13.920499166901
"WDR70",10.4208443778858,10.1457337533353,10.7266244609334,10.3860443800753,10.3289212526464,10.6330818734379,10.0035813583754,10.4208443778858,10.5810988504454,10.3309224943094,10.6566564088701
"ERC1",9.57243935265085,10.107985812814,9.4303473711813,10.2852211677707,10.0943641886005,10.1420827572619,8.5888970256729,9.57243935265085,10.5227769026759,9.79404009771266,9.07705850507197
"KAT6A",11.0672447676835,10.9231699058396,10.9148540977613,10.8120895375591,10.9801343560735,10.677661405085,10.8836093771886,11.0672447676835,10.6695281525997,11.0802535194377,10.9496147255027
"CHMP2B",8.31057784756894,7.39309197640734,8.62754563026071,7.93694176802576,7.97337786329395,8.47601345683178,7.95847893455502,8.31057784756894,7.90811425135759,8.19823833940086,8.60446820300454
"NCOA1",9.54170890073359,9.42126797662714,9.28992464232379,8.94872174055274,9.22901042875641,10.4914791173373,9.47333092487875,9.54170890073359,9.15146222347654,10.329405497647,9.20197233289776
"MECOM",5.08085222647122,1.86231053694495,7.63282414224152,2.95531336147517,5.86252516079989,2.87031322554912,-0.034854797646456,5.08085222647122,2.77578908814873,3.18835977650537,3.237283014018
"EPS15",11.4556822922914,10.7196005290341,11.4447531070008,11.8384874925557,11.349132128064,11.3169245158656,10.9553626714791,11.4556822922914,11.9350748650822,11.2815722370981,11.694842922986
"FUS",13.1386833239992,13.3006506326893,12.8212690962353,12.6757252020591,13.0176758635421,13.5475228312852,13.2415852971485,13.1386833239992,13.0507463624948,12.7714479947234,12.7112066731109
"RCOR1",10.3591763671569,10.411329200162,9.97235580253492,10.6775309956102,10.0493820194164,10.0733978442304,10.9225254264242,10.3591763671569,10.2186849635192,10.3705666991783,10.1713748899795
"FLT3LG",8.08447715695161,8.29821493760398,7.99716935662731,7.61911424993628,8.09613888366535,11.4057188559572,8.14867589674923,8.08447715695161,8.1833937377291,10.461640410331,6.71145017965727
"ESR1",3.68685110150024,1.87045665455345,4.51446385748848,2.41597764971162,3.35053982010375,6.8332297161948,1.81492442981227,3.68685110150024,1.06858827032785,5.63326193660759,6.52474021935064
"CEBPE",7.16828701381319,6.35871088525968,8.19941726460001,6.28836206925257,6.49636107231263,8.47088758460508,4.26417803965455,7.16828701381319,6.58298760292038,8.17965337701959,6.36239692805671
"TBX15",-0.081135999647239,-0.210127216474716,0.010782702661151,0.064726987965281,0.172533599087749,-3.42960701952021,0.913445905610278,-0.081135999647239,-0.78215882717857,-1.41409140161814,-1.12482072632046
"EZR",11.2340974113001,11.8322446292195,11.5786504140888,11.3074589857507,12.2694015492084,12.7073633059245,13.1221350491714,11.2340974113001,10.8319548510823,12.6687976923722,11.2404729669725
"JAK2",8.87042076781354,8.2257143521337,9.14033430844148,8.04515711962923,8.33158931297729,9.16049779951982,7.90533554847883,8.87042076781354,8.90559371231161,9.42774113211543,8.78903556023322
"ABL1",7.98207059905635,7.96235962206455,6.97819447396895,8.02186974757779,7.99304810706586,8.17434534280066,8.17630376133746,7.98207059905635,7.7463084662848,7.92682127737377,7.66333443534926
"CEP170B",3.95625426578861,2.09345234183295,1.32832637677393,3.15383386549663,3.80647027882668,1.96672244691308,3.35317506145498,3.95625426578861,3.13079021667293,2.30150541356864,4.60418835992959
"SMARCB1",9.12338771141324,9.39762833549057,8.60322776118849,9.35008842114882,8.81087896673648,8.65108452467826,8.55198710060741,9.12338771141324,9.70649917454671,8.54637575635956,9.3249870105174
"PATZ1",9.58557454883548,9.83196395130778,8.70340152163652,9.64371169663077,9.48935538562035,9.19473368494775,9.72206246768027,9.58557454883548,9.43697025682186,9.20140183519587,8.76151629154308
"PDGFB",1.73849850858781,-1.54617797906727,-0.633953690401097,1.42176566406718,1.03833854709118,3.02357899075139,-0.35659261589267,1.73849850858781,-0.183641138176048,-0.178342024939474,-0.249186002092292
"MYH9",12.982710530294,13.238819279923,12.4062413179256,12.7055676095477,13.3358193733324,14.0243442242856,13.436570033331,12.982710530294,12.970320754005,13.9148941725968,11.6219289141798
"EP300",11.3347187947199,11.590489903307,10.728538780565,11.0728686511937,11.3637706613573,11.6806513751113,11.3751558992837,11.3347187947199,11.5638146534514,11.4651764974602,10.7151609778299
"ZC3H7B",9.24062033524309,9.61126005733318,8.21383868165501,9.53899446443295,9.02415600687828,9.17511721376114,9.09230994448918,9.24062033524309,9.12203089460045,9.34070241495096,8.00210612667524
"BRD1",9.81053711246726,10.4135440461382,9.16161685947297,10.0759549397708,10.4437564824263,10.8736565045023,10.8938925832668,9.81053711246726,10.3755714128723,10.3503800012479,9.60937365505634
"NIN",11.5339288953101,11.0481544075526,12.6756326901484,10.7651663181505,12.0268978189499,11.5717032469409,10.5098951269414,11.5339288953101,11.9871459979896,11.302431807935,11.0274116278349
"TCL1A",12.1190973420595,11.3115197931956,12.3286749778111,12.5807951914681,12.2533526201207,8.28445853570459,12.2219638661943,12.1190973420595,12.383902583273,12.1448961312132,11.3932107100429
"TRIP11",9.75618806472852,9.20476262363334,10.2258229037374,9.6295063392823,9.87513184869468,9.13737390847986,8.61571478748408,9.75618806472852,10.0631875232164,9.13334146784146,10.3316309944462
"NFATC2",8.43440560595218,8.34805953586534,7.53578180201115,8.760115735026,8.79550502780029,10.5905635951706,8.71108019956425,8.43440560595218,8.45119660236924,10.0632844196382,6.33896409429294
"MAPRE1",10.6214848030425,10.6344172541048,10.908533603172,10.674897721846,10.3374168942869,10.6342470494287,10.8695703605084,10.6214848030425,10.5355036864325,10.4888131148337,10.6637576306199
"ATP1B4","-Inf",-2.5314479612735,-3.91593573521153,"-Inf","-Inf","-Inf","-Inf","-Inf","-Inf","-Inf","-Inf"
"XIAP",10.0315640481932,9.93024819433536,9.8422035157913,10.1209552615041,10.1011019734018,9.56061528433981,9.82352465400971,10.0315640481932,10.0978984524091,10.0751693031402,10.255527301908
"ELF4",7.20178523819776,7.7421845150141,6.3846381136308,8.7353217924543,8.2137395656177,9.16051500339785,7.70046578352084,7.20178523819776,7.72069102605087,8.97005750557771,6.10179351493482
"GATA1",8.1355488289748,4.19339280880727,7.38358107932843,5.17554336318894,2.47415253847794,7.11910040388368,3.08633353293014,8.1355488289748,7.75322261356356,7.64392941911646,5.08078142114877
"IL21R",5.22238947153732,4.74024316994574,3.67691886638135,6.09972384581864,5.47307347122533,9.71115615533274,5.75152258252233,5.22238947153732,5.42408053936455,9.09365449554201,4.93007278798799
"TRPS1",5.86183105781227,4.54151223755213,6.95818847812915,2.79719605356152,5.5806047576931,8.97176515730501,4.2846938666888,5.86183105781227,5.99610736635822,8.52844178382559,4.4473598003008
"LYL1",8.4016792017693,8.42845487655769,8.02703259773211,8.60526155278692,8.19738116571557,8.22781275739065,7.48890022194815,8.4016792017693,8.56581708936101,8.00042412380707,7.4082693819851
"NAPA",10.9228683983774,10.5901646068208,10.5811721665797,11.1500746128398,10.8523305122206,11.7141913159693,10.5643872596951,10.9228683983774,11.091333979547,11.5883486992308,10.1541660559213
"TFPT",6.32440489638635,7.83567089214724,7.41055900370226,6.77011051862109,5.52499089622475,6.85039473330901,6.92505865506302,6.32440489638635,6.76135295130094,6.9531675464393,7.3815476491284
"ELL",8.13745998608143,7.67031253874789,7.86798624055633,8.01933144247547,7.96140681518581,9.4827708837262,8.08321500138736,8.13745998608143,8.03887207077012,8.77702469243858,7.02393880690674
"CRTC1",8.23900465628444,7.87134657711146,6.83416508402447,8.54797462243478,8.44960020223044,8.72918173042529,8.0572461304736,8.23900465628444,7.76573057096798,8.56105178979088,6.88359989901081
"CDK6",12.3728675339625,12.7520836305159,12.5916782889884,11.5861039830054,12.5220500591703,11.33709018818,12.1172837236302,12.3728675339625,11.6707711976833,11.1908302151086,12.1552894364537
"HOXA13","-Inf","-Inf","-Inf",-3.94237366911033,"-Inf","-Inf","-Inf","-Inf","-Inf","-Inf",-1.18727342592239
"USP42",8.63152624388345,8.61032565509644,8.31139468311776,8.68334918683373,8.5211797748919,8.57805878942498,8.63627643229271,8.63152624388345,8.60640962868893,8.81475919924164,8.13270704125605
"SERPINE1",5.15260707751317,8.97385238563819,7.60378477313062,5.41134499014849,6.50339631533045,4.28749711800741,7.0550180075731,5.15260707751317,3.79897785609171,3.82821286724016,6.35955411350921
"LHX2",0.613187439511804,1.30313252204296,-2.02067409179954,0.170971056921695,0.415545599123165,"-Inf",2.763690525201,0.613187439511804,-0.163579756311552,1.0991638912287,4.83405574686949
"KANK1",5.08252207086706,3.92917203966798,4.97252884827783,3.30620229634125,4.41711839289131,9.55983616163001,2.49663618859055,5.08252207086706,3.73254186372171,6.01468093391534,2.94444750024288
"TLX1","-Inf","-Inf","-Inf","-Inf","-Inf","-Inf","-Inf","-Inf","-Inf","-Inf","-Inf"
"FGF8",-0.064768083988622,0.946367801701817,1.0753963987268,-1.00510751457789,2.39621375355757,2.55821154176593,2.23022023213031,-0.064768083988622,"-Inf",-0.044001354018244,2.31351636802931
"CCDC6",7.4709903365966,6.55225681587741,7.53867437982937,7.44546548417477,7.50033885384419,8.08821199418223,7.06992437026071,7.4709903365966,7.11908294805809,7.81281349804488,7.04710963236238
"ZMIZ1",12.9230005730229,13.1137467693523,11.3451405627507,12.6467125946682,13.0777802377572,10.8387671106798,12.6400243088185,12.9230005730229,12.3665196114248,12.2358066002445,11.1088123881444
"KPNB1",12.6066252547994,13.0435494270939,12.5230496556895,12.7001092034144,12.435561451065,12.9908911165651,12.6285431568447,12.6066252547994,12.67946308616,12.8824916627451,12.6885990302039
"GOSR1",10.8334688537625,10.6359480617918,10.4601849052906,10.9242577452809,10.8408855844318,10.7323675308047,10.2940377156797,10.8334688537625,10.9199999140024,10.6616798593628,10.6645754200444
"COL1A1",7.72196747764057,5.71418923772184,4.32504908913055,7.0512043395125,5.73578429182289,5.52518094293409,6.36123868926807,7.72196747764057,5.55993030627431,7.8745146317676,4.7562711310691
"HLF",0.805084395305129,"-Inf",1.0137723835729,"-Inf",-1.50929844140151,2.05680997209948,"-Inf",0.805084395305129,-4.11148935420677,1.47697160717735,-0.297661613392536
"PRKAR1A",12.0091921452803,11.801366769522,12.1765943018991,12.4226440436019,12.1036830822088,12.1951856930218,12.1938843737939,12.0091921452803,11.8263611289402,12.0488023503633,12.0818260601142
"YWHAE",6.90210774038084,8.68536603889521,7.49814794416279,8.39367029812281,7.80137098261701,8.88030049198754,7.48261295489554,6.90210774038084,8.41646138588583,8.30266075937718,7.71339982307148
"WSB1",12.5617719285007,12.1198689882816,12.6962469230597,12.6562039649743,12.6357206933314,11.4693902164515,12.2227813315109,12.5617719285007,13.4367252431211,11.9747582838634,12.7825718858431
"CHIC2",10.003550172461,9.82148463122601,10.2051926187609,9.98010615957837,9.81199389024574,10.0388892354573,9.76271646100997,10.003550172461,10.1664422755057,9.99225007585868,10.1773959364017
"IL2",-1.42724224115626,-0.281858041931916,"-Inf","-Inf",-1.16976414991256,-0.143748887717679,"-Inf",-1.42724224115626,"-Inf","-Inf",1.21322035009546
"PPARGC1A",0.98852327765553,-0.939922171288329,-1.42624158159911,1.8161675500432,"-Inf",5.82662134472851,-2.08482332202954,0.98852327765553,-0.081474846053139,"-Inf",-3.00773043647145
"ZBTB16",7.985280787402,2.97933176226048,3.85781313525678,5.87985039607099,7.72686853702196,8.1097921383767,9.43778978577212,7.985280787402,7.17635867997947,9.18375162104388,4.44642921056643
"LPXN",8.06893888372021,9.38026599909974,9.18102104642139,8.88687676518493,9.86835344987225,11.4615192057765,8.63681214058729,8.06893888372021,9.20183916597941,10.6695927724441,9.62619375180727
"CCND1",5.10031609269497,7.29530469986631,2.94320589492521,4.61249298658051,4.50857316834679,5.68087733084359,6.95138385239808,5.10031609269497,5.63491554469079,6.27804743624287,6.9364058289754
"CBL",9.73948187685345,9.97443882286324,9.28251416425193,9.6536924104475,9.92829261764388,10.1697702453141,9.7116148859133,9.73948187685345,9.23460210987591,10.0500998668122,8.9446600381766
"NUP98",10.4828726436654,10.4061632166255,10.6192886366193,10.2301606309827,10.2678258025417,10.9959995056853,10.396127114403,10.4828726436654,10.5324145680431,11.0031814480584,10.6045735267382
"POU2AF1",10.7319969137994,11.3906586083986,9.88567511859426,11.5814074681107,11.5640953121487,9.26306512617602,11.4617183040457,10.7319969137994,11.4012274887572,10.9435173714925,10.6487198983583
"PPFIBP1",9.56549619166351,9.74577296332796,9.44796788504096,9.79581284933264,9.53531082526344,6.76316040893518,9.35965991720713,9.56549619166351,9.67847365171474,9.44553925402463,8.92214044219494
"GLI1",2.83200002714549,0.215400280257795,3.16118712013697,2.28895176147909,2.14993339801528,5.09307815505304,3.8607221962352,2.83200002714549,1.66180978684392,3.80631230128533,2.69070404149982
"NUP107",10.9442138199601,10.7673448523098,11.1921636918022,10.6950508499775,10.5973836680992,10.9044714178147,10.2462923137828,10.9442138199601,11.1698356893427,10.9024449538585,11.2134867851301
"CNOT2",12.6332262533235,12.6968915402665,12.9611405861218,12.2056896251122,12.3866712190316,12.4246660698223,13.0848347946275,12.6332262533235,12.4558525759573,12.5903321669485,13.1817974571834
"CPSF6",11.6404241324947,11.2863722184019,11.5719269033358,11.4405940895027,11.4180003308248,11.5162913057541,11.5089499991216,11.6404241324947,11.5909728673188,11.3175862400315,11.777573589164
"SLCO1B3","-Inf","-Inf","-Inf","-Inf","-Inf","-Inf","-Inf","-Inf","-Inf","-Inf","-Inf"
"FGFR1OP2",9.78174553858771,9.58751825038995,10.0061367567402,9.56692169911654,9.4409355113749,9.90319965114229,8.65070412130539,9.78174553858771,9.9810333888161,9.56555034309898,9.95179763010551
"FRK",0.688424778995751,-0.426020599227502,-0.08560539542407,3.84875001717574,5.65464158450413,-1.61893374036041,-0.735682166620394,0.688424778995751,-0.319229174499656,-1.18800624136275,2.60528452807655
"CEP85L",7.65645883682641,7.72540338402015,8.66007474095997,4.90369871123536,6.26568639425235,9.98159030347907,8.77108598008608,7.65645883682641,7.40180660339506,8.97503162155034,5.50841090397754
"SRSF3",13.205397812783,13.4872663553172,13.9262243317957,12.9502654567286,13.0062244496341,13.1942867591528,13.3400386842871,13.205397812783,13.4008507627001,12.9551344582392,14.1255986954855
"BACH2",10.1113149315658,9.24297920411368,10.3631711066934,9.87260465970867,10.3066259713882,9.4309462870465,10.3048165292069,10.1113149315658,10.5390045236878,10.6585395326949,8.92236567326802
"SMAP1",8.86141266078149,8.86659728073199,8.86463308487822,8.35650329447792,8.93795193004625,9.43222438276419,8.84731347143122,8.86141266078149,8.62181327903902,9.30066909019131,8.65501030027092
"PHF1","-Inf","-Inf","-Inf","-Inf","-Inf","-Inf","-Inf","-Inf","-Inf","-Inf","-Inf"
"CCND3",12.7119272427684,13.3470062535398,12.006028595981,11.8706527986376,13.4022868231487,12.1248301127356,12.5339824411314,12.7119272427684,12.4924364015133,12.828469328036,11.8786848179819
"SRF",8.23783007875529,8.93264892454807,7.47831716304405,8.16538798274719,8.39942954640729,8.90374342470489,8.67640094433844,8.23783007875529,7.9519713851179,8.68754050696086,7.47433304555728
"DUSP22",10.3469195088699,9.95798593960102,10.1494770003715,10.7172934797842,10.6893394911271,10.569839331412,10.1960193284547,10.3469195088699,10.1950657550437,10.4525992860876,10.216641489376
"ITK",5.13070044841706,6.39237792882696,6.44209407885723,6.77916412421081,7.83062826673922,11.7680562675004,7.31573826101075,5.13070044841706,8.09050035981699,11.5978607444053,6.7855278884856
"PDGFRB",2.86330515064017,5.67447036892834,2.64780468927184,2.72671810705082,3.65496854752119,7.14350339020095,6.05529449768299,2.86330515064017,1.71716203286718,7.22478423254259,3.58484239135938
"CDX1","-Inf","-Inf","-Inf",-2.33416339107093,"-Inf","-Inf","-Inf","-Inf","-Inf",-1.94001904410583,"-Inf"
"BCL6",7.25230069196175,7.95588184170238,8.9166773896067,6.7700755828269,8.330653235111,9.52062214144888,7.48870678088447,7.25230069196175,6.87026338211121,9.6568587077904,8.41155758143695
"TFG",9.32083560177174,9.30561719795686,9.27053816943251,9.23305131552131,9.22693503284086,9.86493750175342,9.06822313121284,9.32083560177174,9.20763722732868,9.6911784041198,9.51294150577775
"IQCG",7.34262778326491,6.482504489045,7.69799854911162,7.03116144080319,7.76908533730813,7.80289797453079,7.04873403184569,7.34262778326491,7.00314990696622,6.86379149810854,8.16747903882254
"FOXP1",12.2267134928103,11.9829114021755,12.2530160992381,12.2698712908427,12.2064984101516,12.8177099664892,12.5087355179453,12.2267134928103,11.8626433441109,12.1416385828543,12.3210100360588
"SPTBN1",13.2889267334023,13.0137307465963,13.2640874104382,13.2117803287767,13.1066340710811,11.4925815119782,13.0074187721026,13.2889267334023,13.3594435112736,13.0410487395917,12.4516174082229
"BIRC6",11.7247150370693,11.679222486386,12.0391254568168,11.4066166213719,11.7047473153785,12.032571260328,11.5268593373343,11.7247150370693,12.0308491495016,11.8075268284123,12.2137259164021
"STRN",8.86528234040473,8.80561914053467,9.04427496640792,8.55514114083663,8.62362649993116,9.25522909285442,8.83021147225094,8.86528234040473,8.92623286474207,9.26772667708461,8.6443134624473
"THADA",9.29474145698446,8.73779527376223,9.61740720144232,9.10333507295041,9.19660907996457,9.61171868111131,8.6512753992288,9.29474145698446,9.77636014736105,9.44371808972797,9.66893273420059
"BCL9",7.82964144089358,7.99027337766046,7.28868443307683,7.46180570094518,8.15715413193307,7.05019461320392,8.3131170385155,7.82964144089358,7.4456687663158,7.24082278018647,7.13136839832544
"RPL22",13.5124501800972,13.0764180243544,13.4757936387994,13.7176282839889,12.9590065588529,14.0585743309984,13.0395374847069,13.5124501800972,13.8272948063805,13.0441939802104,14.0594561394528
"SFPQ",13.9605070585751,14.0054172083696,13.7832775561454,13.7180672778258,13.429036512354,13.8115525210066,14.4255127205808,13.9605070585751,13.8160101394067,13.6522799777163,13.8377274147986
"KMT2A",11.544068854447,11.5548377742336,11.5092946875155,11.1357929939718,11.1699685108156,11.7339423473854,11.0984978488625,11.544068854447,11.4985691768754,11.5996648274489,11.2566213688606
"CREB1",11.5978823242452,11.4072790183908,12.1001051773795,11.3870800808415,11.6695261312453,11.4344963275914,11.2077180957917,11.5978823242452,11.6902753364991,11.5863103610495,11.9550945116011
"MYB",13.6818366781011,13.0847088226356,14.1117839410615,13.1495668432741,13.6358241795679,12.3177606595514,12.9492738239724,13.6818366781011,13.5070830610167,12.9394125251102,13.2252354642164
"CCND2",10.4167552983438,11.7712786369818,9.03203639554359,10.9022883768116,11.3376501139861,11.3987317319467,10.0017916582162,10.4167552983438,10.3807381744552,10.9789364876912,10.2727167685844
"SET",12.8410449661953,12.808126767925,12.7486974896481,12.9042413273644,12.6135390177601,12.7346374870571,12.7540046974491,12.8410449661953,12.8403227210325,12.579236617582,12.9939832109612
"CNTRL",11.966445911929,11.96628429742,12.2494676548763,11.6493275011238,12.173331059396,11.814853303072,11.2289021431813,11.966445911929,11.9364819995316,11.5245826770033,12.1988519523718
"NR4A3",5.39437732226669,7.39305374783671,6.08327443679079,5.69593932140007,4.31348618418173,7.99499073532284,7.39146539721191,5.39437732226669,5.2285629068457,7.68883192848793,4.49533949701719
"BCL11A",11.8593647250878,11.7583191503407,11.3108678258937,11.6570241124497,11.9985492883756,10.5445835660717,11.8585264545918,11.8593647250878,11.6175621286045,11.6178839225336,11.4579096612282
"GOT1",8.53631092214012,8.48538313104348,8.75671766184711,8.87314134242076,8.89058305460064,8.47627039046702,7.82265984033745,8.53631092214012,8.3525792891281,8.83004863003575,9.22578697056707
"EPC1",10.6114709214291,10.3689086019871,11.0998875897004,10.3798377587167,10.9036263584181,10.6290324827751,10.6383854522694,10.6114709214291,10.452928868265,10.7024182057998,11.2013776252837
"EGR1",8.67463398305263,8.95492183552537,10.406791729149,8.32847500036823,7.8905727345057,11.7538531407284,9.52589036574254,8.67463398305263,4.84950203428683,8.36901988663416,8.64360733587934
"LHX4",1.14454567764023,"-Inf",-3.22365677606052,-4.17129043690384,-3.92574668052426,"-Inf","-Inf",1.14454567764023,-3.11495986357185,"-Inf","-Inf"
"ZMYM2",11.2573372856001,11.2872817631533,11.5623783694006,10.8631600461123,11.1241635960065,10.6509063655307,11.197729322815,11.2573372856001,11.6857274058289,10.6814538273178,11.874154584438
"FLT3",10.4787003694628,10.5917103007543,10.4007499155089,7.33672187908667,11.0028777932706,9.3609839000373,7.31548243535763,10.4787003694628,9.22544474015749,8.5234470376839,9.47478696996549
"ZC3H7A",10.3909315661714,10.3174471882835,10.4136252943052,10.1114933594741,10.1422475944887,10.6686314012385,10.3106976005467,10.3909315661714,10.3790372355105,10.7441508489674,10.4703753276469
"TRIM24",11.125278275745,10.5627512670967,10.9576235098671,12.7026759851256,10.2234795014276,9.91010212143527,10.4918546211774,11.125278275745,11.2808447156342,10.2905551267441,11.3351565225595
"BICC1",2.3457094647198,-1.80969109310621,1.89039260276218,-1.55977916535776,-2.31425895048149,0.04308828300674,-0.617374797656121,2.3457094647198,-1.30935227049724,1.31065480323254,1.01326428881167
"EGR2",3.10762527306717,4.59444822620841,5.25965284883043,3.42148777468403,3.6571732830376,7.25256691903139,5.23351476361273,3.10762527306717,0.821405727318008,4.29681587071642,3.15730667072361
"ATF1",9.24644164110762,9.54926391409169,9.65636463531279,9.42932039901999,9.45617236323255,9.37531722768642,8.76079496233137,9.24644164110762,9.31789475966039,9.45701363053224,10.0150003538723
"HOXC13","-Inf","-Inf","-Inf","-Inf","-Inf","-Inf","-Inf","-Inf","-Inf","-Inf","-Inf"
"HOXC11","-Inf","-Inf","-Inf","-Inf","-Inf","-Inf","-Inf","-Inf","-Inf","-Inf","-Inf"
"NCOA3",9.15952240451591,8.96331773683588,9.34721727986605,9.71576663337574,9.67962152946844,10.2078454319235,9.37521927249783,9.15952240451591,9.18761582472003,9.72922595186449,9.36265149417946
"CHD6",11.7922647664599,11.6761711756912,11.8034158190985,11.7603800259337,11.8994103224231,11.3935673113619,11.8003758027745,11.7922647664599,11.8542655184922,11.4249714318148,12.3820252817058
"BCAS4",8.5757348539449,8.96426869657587,8.93721621719846,8.72471537978942,9.32707161315567,8.82466485572742,8.6669952345173,8.5757348539449,8.75765016774948,8.52983413213902,9.78764212616744
"RREB1",9.74605913699606,9.41238589622382,9.09654882785472,9.63198949538145,9.54540771819204,10.7379854911688,9.20556612371241,9.74605913699606,9.61827819920123,9.72899976506469,9.50849747959802
"DEK",11.792278344792,11.6846448833251,11.8775562242316,11.5213582041405,11.3745976703563,11.4518462941758,11.0989010370809,11.792278344792,11.8940082047517,11.9008834660323,11.5566134835543
"PAX8","-Inf",4.12272075264699,"-Inf",0.439491227980277,3.81651287600183,4.95933125326142,4.36964333731132,"-Inf",-1.75056194067407,2.90578006255049,3.52102799039739
"FOSB",9.30501450772693,12.0865284752535,12.6977802822,7.58374678105748,9.70486675763443,11.9186640034293,11.3280529995849,9.30501450772693,7.49337206342918,9.46035723061594,10.3173945765722
"DACH2",-2.83495635051696,"-Inf",-2.38218246604243,-1.46656024546285,-2.22172412744364,"-Inf","-Inf",-2.83495635051696,"-Inf","-Inf","-Inf"
"ZNF384",10.6367816002412,10.9575163809686,10.3326723032422,11.1956028700546,10.6080451612508,10.7833833693598,9.65968217112443,10.6367816002412,10.763513958163,10.898367982939,9.45719317285286
"SSX1","-Inf","-Inf",-0.773427351836567,0.336871773169098,0.102018433949351,"-Inf",-2.11850765305921,"-Inf","-Inf","-Inf",-1.71349258228136
"NUP214",10.9581971727167,10.7370968748506,10.3919722381671,10.7995571281078,10.7112721338266,11.2803967012107,10.5414038689267,10.9581971727167,10.5937206844702,11.0339256697759,10.3553209393781
"BCL11B",5.9645964231324,6.70485879869767,5.63525203006806,3.46573329885129,3.93490594837135,8.27194570839494,4.00554856151153,5.9645964231324,4.68662254881116,7.97132845565189,4.98901276602902
"HIP1",7.50437179208806,7.31625340627369,7.98994928503909,7.21549795724036,7.39265275029015,7.36860242263624,7.70048585590051,7.50437179208806,7.76282100968591,8.21204849048882,7.17014099879839
"SPECC1",9.71689006508045,9.32807717774958,9.4151212104979,9.77405575233732,9.62532700429689,10.3048504671178,9.07598942564305,9.71689006508045,10.1420857729252,8.91249450157858,10.0176681533617
"HOXD11","-Inf","-Inf","-Inf","-Inf","-Inf","-Inf","-Inf","-Inf","-Inf","-Inf",-1.81507738109687
"HOXD13",-1.83430283366,"-Inf","-Inf","-Inf","-Inf","-Inf","-Inf",-1.83430283366,-2.79802495043789,"-Inf","-Inf"
"USP6",-0.626640217314298,-4.48949981701745,-1.97304983737383,-3.55500224302799,7.87935305553454,0.568610040163479,2.03438864522357,-0.626640217314298,-1.56712608829658,-4.14736827431867,7.8510727960831
"CBFA2T3",12.1227960568736,11.7705121645379,10.2197212306236,11.4276419993128,11.9557134562641,9.40032607369653,11.4942362444598,12.1227960568736,11.5180311029951,11.2607910769387,9.73510544177944
"MLLT1",7.87969828081221,7.75936834662593,6.52536888158865,7.13913392340946,7.93612935530861,8.24347394239019,7.69895826019986,7.87969828081221,6.95559895174384,8.15799125420171,6.19932800015735
"MNX1","-Inf","-Inf",-0.55885226760663,"-Inf","-Inf","-Inf","-Inf","-Inf","-Inf","-Inf","-Inf"
"RARA",5.47087140530759,4.26695748056166,6.00135574408523,6.84984133724573,5.84764285179948,9.1369581039676,7.32411968656143,5.47087140530759,6.83856105975757,7.32603833340789,3.08946815087702
"DNAJB1",10.3437097461529,10.9146513760181,11.1580676796105,9.94795246723571,10.3200770053707,11.412710315913,10.897514016973,10.3437097461529,10.3023053508107,11.1732688795364,10.8924913469588
"RAF1",10.6543417039336,10.7420176394017,10.7470640973195,10.3132982793833,10.5403628958371,10.7535050311928,10.6365702873716,10.6543417039336,10.554618861149,11.0450472227288,10.4316323860032
"PPARG",4.18220149117209,1.06096045555967,3.69338547740957,1.1960568015394,1.82925247303941,2.48767747834506,1.48223959029464,4.18220149117209,1.84638981129364,4.18195073966779,-1.21718217034932
"SERPINF1",8.26554465625051,7.06185704455618,8.63251237679044,7.80615523466193,8.0572736720366,7.67563774930741,8.48095066347441,8.26554465625051,7.87802253075903,7.2908174732845,8.60188986803519
"EEFSEC","-Inf","-Inf","-Inf","-Inf","-Inf",6.91617935652842,"-Inf","-Inf","-Inf","-Inf","-Inf"
"MUTYH",8.92553921917515,9.00568559298888,9.01257841378463,8.83824722883722,9.23701818311961,9.3563392155117,8.68853418609916,8.92553921917515,8.78997484656271,9.06898333028864,9.12771888046221
"IRS4",-4.35157505424397,"-Inf","-Inf","-Inf","-Inf","-Inf","-Inf",-4.35157505424397,"-Inf",-2.94776219298777,"-Inf"
"MACROD1",7.51684469456783,7.90425630149295,7.43987520488647,8.56015441052995,7.10631310815303,8.53871838837549,7.45624899286254,7.51684469456783,7.62241683370855,6.85389331546278,8.56185761606184
"MYH11",1.30639932716299,-2.66891395116842,-2.0984684740358,-3.91637133154361,-0.38387759535332,-3.67285532916495,-1.4052298083704,1.30639932716299,-0.56836634379223,"-Inf",1.08797736729609
"BTG1",11.4162112606089,10.560588523039,10.977717834486,11.0494156889377,11.8529996573519,12.7236253053071,12.7669647321169,11.4162112606089,11.6589172923546,12.430852632099,11.2395768695682
"SORT1",8.76014570875685,7.03779503774266,8.9846013490377,6.97608369686485,8.53035486347499,8.42644888787501,7.11277000378035,8.76014570875685,7.84839868876054,8.90748349355807,8.16789519505515
"NGF","-Inf","-Inf","-Inf","-Inf","-Inf","-Inf","-Inf","-Inf","-Inf","-Inf",-0.302838254894031
"PDGFRA",2.485708897999,0.015888591233109,2.18484646888767,0.290497539454303,-2.58065527864178,"-Inf","-Inf",2.485708897999,-1.2734617103072,1.44035958831578,1.72848043819381
"ETS1",9.67282528610623,9.76397901774934,10.1664620486447,11.3761278512999,10.1312509078421,12.2835613008674,9.93079809207417,9.67282528610623,10.1684634186416,11.8270023555952,9.801905521848
"HNF1A","-Inf","-Inf","-Inf","-Inf","-Inf",-1.00092362041624,"-Inf","-Inf","-Inf","-Inf","-Inf"
"LMO2",9.43542633631409,7.66740477153841,9.41227479555583,9.25305847073433,7.45634755587286,8.98635495577798,8.03322384631813,9.43542633631409,8.53520803502214,8.58173430295457,6.66661276960427
"CAPRIN1",12.6847316875,12.6381142865742,12.583059604961,12.6142202427972,12.3817567024148,12.6219791775661,12.254177029611,12.6847316875,12.4475509362453,12.4913982929337,12.8770331707706
"AHI1",8.20091013184385,7.06797540035453,8.34317400058331,6.5932620607108,6.38837136107931,9.2516111964713,6.59447433782122,8.20091013184385,6.77208480664692,7.50699825093957,7.55106591269972
"TEC",9.57632905267817,9.6974986374661,10.4236202178118,9.57733438506971,9.66821696994361,8.78778131895353,8.61749602504701,9.57632905267817,10.2779948389256,9.30047920989333,10.3891043888752
"EGR4","-Inf",-2.67484388225841,-1.74818033877265,"-Inf","-Inf",0.079975376720596,-2.84339110473003,"-Inf","-Inf",-2.29709072717924,-2.74351101939914
"PAX3",-0.866725831359478,0.292794703982294,"-Inf","-Inf","-Inf","-Inf","-Inf",-0.866725831359478,-2.21904828585768,"-Inf","-Inf"
"LCP1",11.9744445354555,11.7911286176275,12.990243816752,11.5075448371313,12.6451311645394,13.4934040526974,12.1669692692621,11.9744445354555,11.879004091184,13.4765662880171,12.2572581740594
"ABI1",11.0212595336018,10.82872774895,11.3011337603568,10.9768577374646,11.2380844840028,10.9078201513544,10.7902146604173,11.0212595336018,11.1514564880819,10.9470877159322,11.330338136607
"DAB2IP",6.16318614804128,3.66292757809702,4.3971450442201,7.5733539687435,3.83763368501951,4.13095804362096,7.51599098891077,6.16318614804128,7.83176657165021,5.82191168343013,3.66048018574147
"CDK5RAP2",10.6977269721693,10.7806623732966,10.6575740992896,10.4292808648036,10.2668794322759,10.5295350090993,10.269595681054,10.6977269721693,10.684132808823,10.8409094797422,10.4246397384958
"MYC",8.77711675391497,9.25090422971731,8.23378331990194,8.44199139686365,8.0017240382481,11.2677070897943,7.23184019211299,8.77711675391497,8.63624702001547,9.83932851597637,8.60312454476532
"DMRT1","-Inf","-Inf","-Inf","-Inf","-Inf","-Inf","-Inf","-Inf","-Inf","-Inf","-Inf"
"GRHPR",10.2622954001104,10.2820999687393,10.508788060324,10.2370737923648,10.6891143977655,10.5536183023237,10.1685123386429,10.2622954001104,10.26722421163,10.2803426680471,10.9806514500114
"PIM1",10.9290471596824,11.1274062661712,10.6521378433189,10.5534874795268,10.6264625876022,11.9863506690488,11.9575423838666,10.9290471596824,11.676756801936,11.55039935509,10.872220914681
"IRF4",10.1312872896369,10.6189676443969,8.62579726112522,8.5580238524974,9.51156495681472,10.2405906297835,10.3495151620115,10.1312872896369,8.49538111365517,10.5383927616332,9.66242106339712
"NUMA1",11.9720486437293,12.034122129663,11.1883695078645,12.0067898115059,12.2097863950883,11.2540734292567,11.7715460545549,11.9720486437293,11.9840243217089,11.672686813382,11.2164625499345
"YAP1",2.15516666256223,0.204257179647719,1.43823003175582,-0.462517053252739,-1.8029750628976,0.322308916111967,1.38561546947835,2.15516666256223,-0.382319733138383,1.05118761987292,0.798780493472008
"PPP2R1B",9.04444550079242,9.39055301886663,8.92056828178975,9.07905642648351,8.97954456179628,9.52698820347647,8.82852639720609,9.04444550079242,9.18415562298078,9.55899196862008,9.32262230822984
"ARHGAP20",-1.86611561879211,-2.93753561962388,-4.23280965060155,"-Inf",-3.93491855014828,0.825539798960697,-1.062176546903,-1.86611561879211,-2.1523942771301,-0.236160142538161,-2.23275540068931
"TACC2",6.25797398583823,6.45592262220985,6.5110975294013,4.59841654205578,5.10647722153019,6.71912606564862,11.0923594710408,6.25797398583823,5.84813062516375,3.17094430606881,2.99646359109101
"TET1",7.74708245979279,7.6616864035733,7.46434391818921,7.35075491133105,7.18703843729812,6.05772383841288,6.72845547271337,7.74708245979279,7.34571438724437,6.94758159583908,8.28028540020862
"ATIC",9.85598467047146,9.92214238719714,9.97383719405509,10.3976600348112,9.54826557388819,10.8783017772704,9.44601791735598,9.85598467047146,9.95327550880853,10.0350709186532,10.4289590065983
"PRKG2",3.4110873624221,5.669428356137,1.84026985445405,7.67620990216894,6.55219836788373,5.21418422979487,6.88373050483319,3.4110873624221,8.10894914772815,6.50388948542607,6.39900214844128
"SEC31A",11.1678684485596,11.437886614785,11.4530746148292,11.169897224286,11.2984560237446,12.1678643359613,11.3238918909582,11.1678684485596,11.058710936032,11.5688752558984,11.8132288659244
"RAP1GDS1",10.74234908565,10.5779826920526,11.1172486054139,10.4913706736361,11.3428494950097,10.357353251989,10.5874719926017,10.74234908565,11.0967059007889,10.5780807297897,10.4968105248422
"ETV6",10.1216880380213,10.0758596565848,9.45937797561532,11.2177319620258,9.47545853490032,10.1131467531119,9.01282908259986,10.1216880380213,10.4237003480362,8.9487619240687,10.0881640301232
"LGR5",7.9853862124263,7.35102037670128,10.3259827611542,6.37621997660059,5.81568088622056,-2.79053914797296,9.07196607015736,7.9853862124263,8.19422039711589,5.22033436654756,7.62341033018456
"GIT2",11.2780368180532,11.0659096451741,11.5977010731626,11.0469097425934,11.5581920719958,11.5790494613415,11.2550951241032,11.2780368180532,11.2968445801091,11.3076368146218,11.2994130537195
"TCF12",12.9753722825017,12.689575029708,13.4080939138388,12.9222530626844,12.8045601442041,13.1597564568238,12.7668927392696,12.9753722825017,12.9834179732472,12.6373060292432,13.6349682174508
"NCOA2",10.4457612536437,10.7708684974885,10.991721923233,10.1112843932094,10.6288808229589,10.4545097081488,10.1602778697994,10.4457612536437,10.6859512898452,10.8446809936197,10.5255394093663
"PML",9.65418231909934,9.76429931268563,8.61727798318838,10.7343418478286,10.166398575543,10.002710512049,9.51931021999603,9.65418231909934,9.82642099222208,10.6816929955658,8.25874985803548
"NTRK3",1.70305151598031,-2.93694995554317,1.91383036083873,2.16746166187595,-2.70783079011318,1.48572667047825,-0.366007166304833,1.70305151598031,-0.755617059108938,-2.34394485726635,-1.79047426748348
"CDH11",6.38557426416071,0.392375679002294,6.97350624928318,1.91852744371668,-1.326733048568,-1.62436776018336,3.2972254655282,6.38557426416071,5.09030842228035,1.55916236634309,3.82389810509485
"KSR1",8.8867897809911,9.32291800078564,8.33309644241558,9.09595710964246,9.48249173090505,9.12424252673143,8.94122365135882,8.8867897809911,9.97084974396916,9.1587542508792,8.47026489437194
"CLTC",11.0521737288786,10.8152746956991,11.0378729579692,10.5278189214079,10.970064125928,11.0343817247667,10.5576777014453,11.0521737288786,11.0776144772595,11.2947320710324,10.7270190279153
"BCAS3",9.74586434895781,9.35976781238523,10.2873839928663,9.49323827998314,10.1287067371249,10.5109319913499,9.32379751763636,9.74586434895781,10.2205137061194,9.89678659211599,10.3957065234713
"SS18",10.4699985532422,10.6820175922825,11.0127635664887,10.9965691991589,11.0486646339943,11.3394407571247,10.9418093169829,10.4699985532422,10.9150387050951,11.3749059014602,10.8555559237754
"BRD4",11.2991300094139,11.0985711197535,9.62524746481863,11.3580857904422,11.1232757119923,11.3407616672464,11.0553537637536,11.2991300094139,11.0047322850202,11.5369983858759,9.27083375892758
"SH3GL1",9.44019322186657,9.60957597136916,9.16917168793504,9.63816469079224,9.67906578773316,9.77253884813739,9.56572107217558,9.44019322186657,9.90325616473911,9.92875579712059,8.6425540822238
"MYO1F",10.2163804196943,8.48346077419185,11.5113166370661,10.6811932859962,10.2765403138563,13.1371847834519,9.18883259978006,10.2163804196943,10.6114050144936,12.499110595304,8.71857962376835
"PRDM16",-0.286086038009948,"-Inf",0.144652043817965,"-Inf",-0.44273990987628,2.70204753783341,-2.05865325991529,-0.286086038009948,1.11361916193894,1.07645032454892,"-Inf"
"BCL10",8.39247705502314,8.4702169492544,8.81757681362232,8.2647506706923,8.37907998428324,8.78221187816361,8.55452710607815,8.39247705502314,8.34154342724035,8.42786084262624,8.09655883956495
"PRCC",10.6760542616673,10.847427188616,10.0908192160436,10.7370488349868,10.5198888075238,10.8471215265789,10.5720068150685,10.6760542616673,10.2728371274564,10.9212721592041,9.78116531858422
"ABL2",8.74441562064198,8.91150125998931,8.47633675252309,8.84808466157258,8.82168063578455,8.3644384996831,8.57834226328997,8.74441562064198,8.95390739923045,8.78110541939252,8.62614861174699
"ZNF687",8.25510087276557,8.65319350394253,7.84914712244645,8.38606025410045,8.24060331170819,8.68354371772512,8.19437633651179,8.25510087276557,7.92058167341672,8.58319398804381,7.06863006771122
"ARNT",10.7476657552678,10.676492258165,10.5970391294916,10.6387845469981,10.683667045763,11.2432449267334,10.3354110290804,10.7476657552678,10.45376217484,10.8335238800451,10.2705063650545
"TPM3",13.4780890366745,13.9047135096057,14.0588784651311,13.683423155005,13.8822445436217,14.2762212491093,13.8850690695363,13.4780890366745,13.6360426120099,14.0816863064814,14.0862789606623
"EML4",8.52737079399148,8.44720190676445,9.16754352689108,8.44535718555232,8.25507630783142,10.8492146698376,8.38818932185416,8.52737079399148,8.4179155027575,10.1405473122491,8.24417238760967
"AFF3",11.3115477988103,10.6156501526997,11.0244299231069,9.89845235210477,11.4665270835387,11.3851370807834,11.9181642532481,11.3115477988103,11.2052104667567,11.1796940359385,11.5937124727658
"ACKR3",5.94580544222075,7.99104175974051,4.23825224508814,10.2682784279464,8.92557832388167,6.21376313405264,9.53245061596895,5.94580544222075,8.85257075319532,7.91209374895064,8.60120588778373
"LPP",11.6639140964372,11.5501374859698,11.8494497459994,11.486798993449,11.8850881777941,11.7253449355916,11.1730293663461,11.6639140964372,11.2806614209519,11.6772257343958,11.8892193201971
"TCTA",6.95764275637331,6.86564261789214,7.82025911275038,7.02453609603342,8.08724326438995,7.68507555451692,6.94195774048927,6.95764275637331,6.73556827619041,7.11101428047175,7.30137985099757
"FIP1L1",11.9518848547281,11.5968993032474,12.0068287480726,11.9062035927541,11.8749912939954,11.462378263488,11.2663558190537,11.9518848547281,11.9836361881916,11.5842174917179,11.9650582435342
"SSBP2",14.0258002230324,13.5962328501903,14.7413129722757,13.4158846874295,13.840509442488,10.9415290009033,13.2628790704462,14.0258002230324,14.0483825121261,12.6108118482442,14.6690032546571
"ARHGAP26",10.2728400614058,10.8623681799458,10.5322817887313,9.80325662668777,9.89372057214874,11.552308543432,10.043747712766,10.2728400614058,10.354898483937,10.8971420009445,9.35648036385344
"EGFR",-1.96421282865391,-1.52670142785312,-1.32344010999894,"-Inf",-2.02033459557783,"-Inf",-0.700715479584074,-1.96421282865391,"-Inf","-Inf",-0.316307138401561
"MSN",12.0226367978626,11.9989950214668,12.0138836889463,12.3862448835448,12.3448355657953,12.9755386535195,12.0439528221744,12.0226367978626,11.7523890643403,12.7370385276014,11.9439051383275
"CCNB3",2.62390313941919,2.19206283301758,2.99793420543376,4.08565494557449,1.7825976965597,4.12893961465874,4.70147176367786,2.62390313941919,3.65155782326174,2.69750984981345,1.86448015204238
"NONO",13.6313088487678,13.8378144834555,13.6439234349284,13.8192445094265,13.5369629227192,13.5647456810492,13.73023883272,13.6313088487678,13.4077731907837,13.5167367046966,13.7430649675465
"ERLIN2",10.3198987654354,10.0104470105792,10.6344215316318,9.92975999310933,10.3641798485284,9.84177572519943,9.74149065921457,10.3198987654354,10.1214428707659,9.57433601971496,10.4306306999129
"TACC1",11.6426438148675,11.1428321797608,11.4343204030048,11.7054705096242,11.1507513720461,12.1416445713322,11.9648976445978,11.6426438148675,11.4709811558569,12.3357462826656,10.7403218538153
"NFIB",4.794193492215,4.48733012181661,3.9331273923946,3.54493217168159,2.11413144327202,2.84384177780666,1.97260737626113,4.794193492215,4.04431245176407,3.77009123332134,3.72773457991548
"NTRK2",0.607599710044964,-2.39903761463615,-0.982611097062862,1.33589652231888,-0.772204716313533,-2.649032115073,1.38728367576346,0.607599710044964,0.031561760060026,-0.856102477187886,1.71322026289545
"NR6A1",5.84689567999976,4.82341126545891,6.37379292594506,5.49346458401768,2.70525095402916,8.54545576542258,6.67164333079419,5.84689567999976,4.0972777248404,6.11798373977572,2.68126169152165
"ASTN2",3.67357847127724,3.80498365692105,3.53009696826429,3.59841940066002,4.36931746028365,5.74868717312794,3.17168513733941,3.67357847127724,3.15005968311534,4.94657048940488,4.10348547032211
"NOTCH1",9.70974435531238,8.74162010282609,7.91957733167776,9.03285911972182,7.33934494450869,8.87031743047093,8.8230587219176,9.70974435531238,9.39886055618976,9.39545417773794,5.80241979017696
"ADD3",12.5569677030884,12.783390791466,12.6087369936348,10.9683953862198,13.3195818675587,13.0416515742175,12.3216821254114,12.5569677030884,12.6002393263116,13.0567017608849,13.2578727418735
"HMGA2",4.74473386098616,0.756398227842797,4.6610931929712,2.10060196003453,2.15023503366748,2.71956241308981,4.64866026273161,4.74473386098616,3.77549750747277,5.53475911830807,3.01084230645408
"TIRAP",6.317694287171,5.73433417264461,6.48699156005989,6.87699431982716,7.30419056145294,8.18656615706066,6.62533920281207,6.317694287171,6.43467080736027,7.13684500041793,6.52460496108669
"FOXO1",10.1783815184599,9.7689230552238,9.63274948198338,9.8425918111819,10.4378517094948,8.96446241009074,10.4398385928756,10.1783815184599,9.52656685544596,9.82831095245244,9.10080042117477
"FLI1",12.291639819593,12.1387638887084,12.6505374891654,12.7861186142603,12.1811518101395,11.88534874299,11.4263755962898,12.291639819593,12.6610132573464,11.8913008188239,11.8999043856306
"SETBP1",7.35440489807222,6.03741367627801,7.72237025831078,10.0355090888486,9.13952300469752,8.44331834471941,9.58090470116519,7.35440489807222,8.10674760929336,9.19408045597244,8.3326880337985
"MBNL1",12.0997905068321,12.2261597159253,12.7191695989265,12.33887799703,12.3753966985618,13.3431065191454,12.0273493903279,12.0997905068321,11.9590880136517,12.892168138005,12.7803633866065
"HHEX",10.9394029876083,10.5418079422964,11.1106781185667,11.6680715371208,10.5622477083682,10.393651160524,11.315096071704,10.9394029876083,11.3388676930401,10.0830968135176,10.535210902072
"SMARCA5",10.5569240049552,10.1647721012784,10.3151688901637,10.2100516517205,10.2273719533057,9.95507810634197,10.4953081937981,10.5569240049552,10.4181893174413,10.0258814913082,10.6026966782432
"RANBP2",10.3595983054718,10.5476495275816,10.6333618122287,10.1779218970958,10.2462719932305,10.8630364554696,10.0440204430097,10.3595983054718,10.4138652687964,10.6082581861059,10.7828926197578
"PTPRR","-Inf","-Inf","-Inf","-Inf",2.88919646396284,0.676956090121317,-1.24465432790535,"-Inf","-Inf","-Inf",4.63362574600244
"JAZF1",8.5798307841103,7.64832771027262,7.72262434336756,6.39274891298752,6.47110888405381,10.5174382077472,7.30237181657329,8.5798307841103,8.4766468904567,7.83807597255655,5.912640979746
"MSI2",13.3796726912423,13.4832855874027,13.7575010896913,12.8769367268188,13.338128011166,12.8097122370593,13.1898631152544,13.3796726912423,13.6721870945193,12.8871834625458,13.9606677663872
"SORBS2",9.62898979920226,8.90816660887136,10.5899663161434,7.92714658117149,9.56906880041411,1.7550661715519,9.54015554350918,9.62898979920226,8.18898345969143,5.69800044585436,9.90355454423522
"BAG4",9.23400204811193,9.01579112720503,9.7040364699821,9.18104619686349,8.85431080943983,9.80270827764788,9.16381302210888,9.23400204811193,8.89985455026187,9.64899699913708,9.11854498559368
"EIF4A2",12.6661173410819,12.8639566123065,13.3755309148584,12.7318827210183,12.9583119419808,12.887807397262,13.1400003336695,12.6661173410819,13.0039129326471,12.4292463227445,13.8090985941197
"ERG",14.0418751561213,13.9734138051032,14.6280719003855,13.8003409161277,14.0913407552027,9.24097458571623,12.4208382043953,14.0418751561213,14.3429526215437,12.9604838784606,14.4418058552988
"CREB3L1",0.924904833133884,1.22065746520292,3.38154516605503,2.46641778030924,0.272123546964528,0.673568182585192,-3.12441493014669,0.924904833133884,1.69805263656638,3.2550596995834,"-Inf"
"BRAF",10.2332554713177,9.92162586578239,10.4761185234201,10.0507910495344,10.0174467172086,10.4149483710105,10.2016587528349,10.2332554713177,10.286562261793,10.0689905158588,10.274396707222
"SLC34A2","-Inf","-Inf","-Inf","-Inf","-Inf","-Inf","-Inf","-Inf","-Inf","-Inf","-Inf"
"WASF2",13.5396229647701,13.0074552686497,12.4100019821939,13.0641558909875,13.4893886466739,12.1019428075834,13.3970996414371,13.5396229647701,13.3046955343599,12.7863041093634,12.409626084751
"AUTS2",12.7047872263664,13.2139038519201,11.5670299467329,12.8556354184867,12.9444938810223,10.827995829649,13.4945635402855,12.7047872263664,12.4656773186952,12.2599624813738,12.3590953878092
"ELK4",11.3742638748289,11.3928363583001,11.2396345353177,12.1044109679012,11.2408353068635,11.8452568082845,11.3837053393995,11.3742638748289,11.3443460939643,11.7411943186607,11.3368382985688
"SLC45A3",3.98159513663629,1.36537395585566,4.28847115298629,4.64311283723094,1.06538067477591,4.94248414977789,0.579459196685115,3.98159513663629,4.88345474040772,2.87101247985301,3.35335787590344
"CCAR2",11.1664827573624,11.4713647150405,10.7454955363731,10.8501912978017,11.4031486101757,11.8960447604315,11.513523062657,11.1664827573624,10.86621575851,11.6104935543575,10.8388769641167
"RUNX1",12.793750359348,12.4303198568232,12.57136857033,13.3660563272808,12.0693706486411,11.6373420216215,12.0370328734462,12.793750359348,12.8792280626556,11.7588098246138,12.1640208785314
"ACE",0.235687852306312,1.59999517756696,2.64118739156455,6.18067775211873,2.55976857852912,4.72784929800019,0.62283760325777,0.235687852306312,4.29446489265228,3.57877149565138,1.47809272248718
"TAOK1",11.521175614393,11.2776277900812,11.549885348957,11.3037677963927,11.365055266955,10.9137628555443,11.1965390000114,11.521175614393,11.5480766468361,11.0685312806162,11.72466568452
"SIK3",9.14444908277057,8.8982873913571,9.13127199249223,9.05029124463051,9.51968415777842,11.2549890988189,9.61405657493932,9.14444908277057,9.27969230282734,10.3748097627411,8.35299595229771
"FGFR4",5.70941286806648,5.72023919559069,4.37315769515597,5.14826896151645,4.69545526230134,4.25529859061423,5.20204265831664,5.70941286806648,5.58016285456011,3.6204374415658,5.74998998541827
"SQSTM1",10.2326907590675,10.0707840103978,10.232855554232,9.47343318031459,9.76125361764125,11.1968399518246,9.88836306692818,10.2326907590675,9.53617650343948,10.2626325625935,9.35579534285099
"TAL1",7.13562557915098,1.53202464993138,6.02854053227322,4.6035357898509,1.41955021729956,6.01511995971043,2.21438906795556,7.13562557915098,7.25227784885354,5.45660871775299,4.03237507025551
"JAK1",11.1834971912167,10.6435098021995,11.3551173664025,11.8434379010729,11.5155987268489,11.8646335247484,11.8862143230131,11.1834971912167,11.5137697971255,11.6881354297483,11.2766820788645
"RBM15",9.78708604368736,9.66019052721584,10.1200780287645,8.3308836016561,9.46568404597779,9.8620941495816,9.73033442576001,9.78708604368736,9.22632385090427,9.84117957093242,9.4186413373755
"HIPK1",11.2657921419594,11.6412279818479,11.3767177148879,10.0194131019277,11.4524829066201,11.806984353833,11.5543188146152,11.2657921419594,10.5841680229698,11.3200621422565,11.2566105634949
"COL6A3",4.60907747623829,0.642912243060382,2.9580974769534,8.56286483193556,2.01411458565574,4.23358700725559,3.0747431257944,4.60907747623829,2.99596654270484,4.77449179732987,3.03306948693084
"FEV","-Inf","-Inf","-Inf","-Inf","-Inf",-0.764956774249074,"-Inf","-Inf","-Inf","-Inf","-Inf"
"FCRL4",0.274091062733942,-2.6741254774198,-2.74746807741518,-1.69115919950242,-0.124246668313433,-0.02591127235414,-1.84267683519191,0.274091062733942,-2.3557117589074,0.691065994721893,-3.4353233232271
"MEAF6",10.6135189020202,10.3655569512314,10.9012211701902,10.5131460223193,10.9368916808563,11.1474583163979,10.7278237405657,10.6135189020202,10.6137411301567,10.8212938162058,10.9307699190434
"RPN1",11.0098516072511,10.9593817926439,11.1894981857064,11.0984220350847,10.6424296295212,11.7613632692813,10.6094967388411,11.0098516072511,10.6741973634813,11.6674046624268,10.8317679442274
"NIPBL",11.8326888739017,11.5079667441448,12.0990433147118,11.5184467455334,11.4332871479803,11.5018645013281,11.5234444877699,11.8326888739017,11.611998961331,11.5939601682193,11.9153748491683
"EBF1",13.8919143927509,14.5001687472515,13.9607077872142,13.3969917825173,14.6436066137308,10.272379582234,14.0180162350341,13.8919143927509,14.0515402425693,12.9812519520445,14.4103126604769
"ACSL6",8.75622752071058,4.10490540570292,8.36925094883917,5.69242859302158,4.35968610669571,9.01849724880128,3.60209100517242,8.75622752071058,8.80022423697372,6.74611577995325,6.01629470825429
"IL3","-Inf",-0.191830803378623,0.298033012221285,-1.21978398370089,"-Inf","-Inf",-1.37243798416013,"-Inf","-Inf","-Inf","-Inf"
"TLX3","-Inf","-Inf","-Inf","-Inf","-Inf","-Inf","-Inf","-Inf","-Inf","-Inf","-Inf"
"COG5","-Inf","-Inf","-Inf","-Inf",7.89843370158054,"-Inf","-Inf","-Inf","-Inf","-Inf",8.31866094091552
"HEY1","-Inf",-1.74462737781649,0.696309034253335,-0.353472336472791,"-Inf",2.5964063752666,0.598836815183723,"-Inf",-1.82562937762647,-0.458096661526172,-1.79804000116571
"COL1A2",6.63744321556849,2.4464073740579,2.96521651285048,3.92832389070725,1.14412078726055,2.90084053741178,4.16562602390632,6.63744321556849,3.98746667445933,6.22466604873043,2.52691113969878
"COX6C",11.2012032401579,11.1389507580299,11.4698565288169,10.8081851199849,11.0772232230365,11.6922625046964,11.1534361554635,11.2012032401579,11.365268940085,11.5404299827235,11.9797714613213
"PSIP1",11.5275856786404,11.7028537546138,11.6045601807768,11.0833015730285,11.2094778376234,11.2372450918042,11.2331532262247,11.5275856786404,11.3822135203577,11.3812065780147,11.5734687347708
"SYK",9.57213852513859,9.61272596930057,9.47043187421655,9.75238973424851,9.96127026233419,9.72533502444554,9.8572609308464,9.57213852513859,9.4701824518665,9.95634874360524,8.9547152091477
"BRWD3",9.66673106937559,9.3065608894931,9.81409815336533,9.15622618807869,9.3903668993005,9.82203014041972,9.25337483455599,9.66673106937559,9.68673473251313,9.51518402005262,9.7098885085037
"CDX2","-Inf",-0.263038445385564,"-Inf","-Inf",2.38735785317247,0.874590036923852,"-Inf","-Inf",-3.34776592709076,"-Inf",6.06100168579408
"NSD1",10.3905343804766,10.5617981192849,10.3715846246378,10.2886773928364,10.405567879279,10.8278212772391,10.7330497577783,10.3905343804766,10.4011733330506,10.6615700194258,10.4229466867001
"RET",3.29949334151025,-0.099718598268536,1.12077725371158,0.713549778564089,3.22096834548687,6.97330061725114,4.27497239557577,3.29949334151025,1.93647889224555,2.47346249600479,-0.928459723288764
"CASP7",8.83377841540778,9.4197298695333,9.26661660884757,8.87554653063492,9.88391824678707,8.65888265117722,8.8945613560361,8.83377841540778,8.95745684865876,9.41747225346602,9.48307495863839
"ZFYVE19",10.0688305767476,10.1241567996223,9.75535104208032,9.99916486479113,10.1769451247894,10.0628889719587,9.80129625342775,10.0688305767476,9.64786860261258,10.005426976263,9.78650755467848
"LMO1",-0.442622261462924,"-Inf","-Inf","-Inf","-Inf",-0.695157234879353,"-Inf",-0.442622261462924,"-Inf","-Inf",1.3946035873732
"NAB2",4.5296512481319,5.24555023442022,3.88305232545516,4.12476964462371,4.73220748470286,7.16724126810446,6.00258265831276,4.5296512481319,4.42486170599543,4.68361151804769,5.16753343639459
"STAT6",11.2932440052145,11.1201341726175,11.5238357583947,11.6865579747162,12.0334386683909,12.7248852553708,11.3009473211731,11.2932440052145,11.4812069515465,12.0132694354606,11.2981490701058
"PRRX2",-1.83728465767869,-1.80325196642063,"-Inf","-Inf","-Inf",-1.63970090608764,"-Inf",-1.83728465767869,"-Inf","-Inf","-Inf"
"RRM1",10.8489188034004,11.1766695353415,11.2840147560935,10.6530991400367,10.2326186000305,10.7392670227061,10.2254856164452,10.8489188034004,11.0145625218272,11.3352658794696,10.7873712282807
"TPM4",12.5773139753084,12.519470852331,12.6135127005697,12.9270770329012,12.4214445360957,11.6974215686814,12.1246198325993,12.5773139753084,13.1261209887712,12.2003045551107,12.9423239404494
"ZNF444",6.36763321181215,5.74343563595272,5.3522869877902,5.63393638485831,6.61755209602317,5.93938358218151,6.04977036959349,6.36763321181215,5.09978007544419,6.95644901768094,5.49154256287894
"ACER1",1.33375345491069,2.43651926991358,0.547946271673854,-0.976781558450895,2.65997432139206,4.11603490545838,1.87130312789427,1.33375345491069,1.95583688496083,3.32343564461824,1.97224452192643
"CTNNB1",11.1797601097574,11.0250188492051,11.6246495887285,10.8128252277596,11.3367598962381,11.8347969184625,11.6543469307325,11.1797601097574,11.2383623517727,11.3359374667327,11.434982355379
"LMBRD1",8.80968605913088,8.73506767234245,9.28660458779514,8.67239398776577,9.11777703077266,9.98148503309822,8.56262542799366,8.80968605913088,8.93222506491225,9.18105454545072,9.32093665887677
"IRF2BP2",12.2957510957361,12.7326146624051,11.213655999657,11.626501574253,12.030235434824,13.5816460868349,12.4833106080466,12.2957510957361,11.1560359489561,12.3092326377351,12.0684974839378
"RHOH",9.60644897039063,10.4537266377654,11.0122194415229,10.5208075021504,10.0842309577831,11.245955087185,11.0480103885318,9.60644897039063,9.84022973693929,10.581202579284,11.0983346341412
"FEN1",8.76751839050728,9.28990278828023,8.82362200131707,8.48783596292573,8.08564426576406,8.65955044284427,8.37238555742447,8.76751839050728,8.4424239035627,9.51125772843707,7.93233981358881
"AR",-1.20639871943572,-2.81118892467105,-1.88341699230215,"-Inf",-2.58259841887178,-0.136324746524159,"-Inf",-1.20639871943572,"-Inf",-0.580094413922876,"-Inf"
"MN1",5.82136786594164,5.32859458290723,3.98361367482513,8.40335217820757,7.87596517289642,2.70784633558787,8.55396885841328,5.82136786594164,5.77415859281233,5.29358946910343,-0.070237780737227
"CRADD",7.62634625656379,7.99028148528422,8.3085182681748,8.30731821036248,8.03837304809954,7.90603060129476,7.29913976584743,7.62634625656379,8.06670590226967,7.77073981945504,8.40410962259952
"ASPSCR1",8.74035380771237,8.56460117911515,9.02807823357367,8.81780328579456,8.73055837069974,9.48229096391323,8.65652171545662,8.74035380771237,8.47984917228773,8.90310019931322,7.3259479331356
"CNBP",11.96592251239,11.9020915333488,12.3909006464851,12.0383881958779,11.8713800411121,12.3180166585229,11.7267604230249,11.96592251239,12.1024619570577,11.9591148426483,12.7335605505898
"BRD3",10.3603433508605,10.2576559716435,9.14595573044464,10.1668655580702,10.2939917150504,9.90917390252822,9.8306491170871,10.3603433508605,10.0526160787083,9.98804591853085,8.82056097386767
"ZFPM2",1.89759747261797,"-Inf",2.14376335167717,-3.30818714939709,-0.901796067544559,5.54182988351127,2.46702274660157,1.89759747261797,-2.28067109236364,4.82691146691414,2.60277278848791
"KIF5B",10.7273830432991,10.664577970088,10.7760091879816,10.515239331235,10.6856338988067,10.324045880169,10.7195517567012,10.7273830432991,10.6480241371042,10.541986558203,10.7713249474917
"HAS2","-Inf","-Inf","-Inf","-Inf","-Inf","-Inf",-2.25582512352785,"-Inf",-3.6617844095766,"-Inf",-3.74174401044416
"ALK",-4.27654104362235,"-Inf",-2.29552460990871,"-Inf","-Inf",-2.13120578713174,-2.97870221998867,-4.27654104362235,"-Inf",-3.43150475012462,"-Inf"
"CHST11",11.0629764569745,11.2237725473466,9.60751613939886,11.4204848301147,10.2225623506603,10.8628595681683,11.0880789605708,11.0629764569745,11.1834838254077,11.1737104097135,10.5893222728654
"BCL2L1",11.0633540367049,10.6181057721814,10.6143324784877,10.6302572109016,10.1152751028426,12.4509997528627,10.2109758676107,11.0633540367049,11.7046114131729,9.9094416040535,10.0964601899598
"GPR34",1.69419644958214,-0.862693220806711,3.2842779584757,-2.2262264239499,0.586465967079466,3.59394566847852,0.206981980011502,1.69419644958214,-0.439148118257069,3.13811948859631,-0.932231886891515
"CAMTA1",9.57881138511011,9.7784059016601,9.79775652338397,9.14025737627871,9.33094006185843,9.95967258485027,9.68610933571453,9.57881138511011,9.38465296067642,9.70968831644744,9.45260691367285
"BCL2",9.07384741475093,8.91907690127982,8.35789028134172,8.81788992041542,7.64967353930221,8.72668599018155,7.49109893078655,9.07384741475093,8.54858370735611,7.78853828224862,7.83965849296982
"MLLT3",8.29419315618081,7.83104759234149,8.57881680322999,9.23536292530956,7.65212888164519,10.7039034246775,6.46124430771441,8.29419315618081,8.821272283232,10.2454049187036,7.35565363859805
"MALT1",9.26189762675706,9.93428194432281,9.39255892731808,9.50604070594184,9.56132293988179,9.88236789628991,9.66429282524216,9.26189762675706,9.61111758802551,10.0714973608948,9.60144646307555
"ID4",-1.97561790467022,-2.53814459240339,-3.60596445779934,-2.55241022460784,-3.30704438664864,"-Inf",-3.70365184512269,-1.97561790467022,"-Inf","-Inf",-2.60451597308776
"CEBPB",5.09826626495816,2.43441152357064,5.84549702604441,5.48512125261121,4.21094192660552,8.00702894372805,6.14344148187544,5.09826626495816,4.23498446278554,7.59531489714445,2.25764188552152
"C2CD2L",7.63659502686748,8.17597085336911,7.3366469886821,6.60172918174537,7.23673827656757,8.64718811347598,6.93236060298393,7.63659502686748,7.06099491141036,8.24221572531478,6.67408037989298
"CLP1",7.79428201443348,8.32644405332487,8.41443279599354,7.70223517193196,7.56011017956886,9.06831183059544,8.83628845901232,7.79428201443348,8.05461554475682,8.74901823425861,8.07818659039861
"AFF1",12.5480563351824,12.5463618795892,11.7653894360849,12.2804328288183,12.8439186800239,12.4476213484908,12.3358922825338,12.5480563351824,12.2007138461186,12.4385420300701,12.3280323732464
"SP3",11.6853858852881,11.6450178673572,11.8173558989025,11.7177176763584,11.5794598496046,11.5805211536765,11.7968480469264,11.6853858852881,11.7666987891886,11.4928724855545,11.8515743730131
"OLR1",8.37577646890447,4.79813498929727,10.0181017452558,4.42244091143221,2.29282355733549,6.76887245853036,2.80474231033617,8.37577646890447,7.48984642744959,7.67254077417279,4.70264114399924
"AGR3","-Inf","-Inf","-Inf","-Inf","-Inf","-Inf","-Inf","-Inf","-Inf","-Inf","-Inf"
"STAT5B",10.8806177756772,11.1603426143697,10.3731033745194,11.3392344474901,11.3941408444682,11.5259190656803,11.1579362885399,10.8806177756772,11.4886362159087,11.2807397622915,10.7219180028216
"RNF213",12.393195886976,12.291081114735,12.0475888182873,13.0309455345274,12.5670072047605,13.477566278232,12.3512723973319,12.393195886976,12.716285526799,13.5175312223096,11.6176728271782
"CMKLR1",4.96270623942861,3.92008088251012,4.7496563284503,3.49287646968075,5.6872034666397,7.46609539122608,4.09542183587889,4.96270623942861,6.17821680160108,7.19079330960114,2.8863086049336
"PSMD2",11.2866808197481,11.5404786212597,11.0812067749601,10.9090197407847,11.0851915019881,11.8373948714025,11.8449559981297,11.2866808197481,11.0083109647921,11.4744964919546,10.888488232295
"DDIT3",7.9441594711005,8.91377829521927,10.2387358320875,8.4556293942208,8.72996883797289,9.66400260283404,9.7414880974594,7.9441594711005,7.64793540835084,8.87907508336539,10.3750312792278
"CTDSP2",12.2928089780571,12.1908990689623,11.8893516905881,12.7348718345011,12.5053201601489,12.2369716836386,12.6557201207954,12.2928089780571,12.1747646988297,12.0022907710511,11.4560616261239
"FOSL1",3.37715637949528,4.49131984182269,6.04271426002614,3.24045447004524,2.49581896305678,7.85020798868173,4.8399700147519,3.37715637949528,2.78140210190532,5.59415948894735,3.37338358858463
"ETV4",-2.20412668231113,0.012093775271575,"-Inf",2.42977662662897,-0.610294431875716,0.174228707442591,5.18387687064369,-2.20412668231113,1.49115273836921,1.79663139162343,-1.25568732175009
"BDNF",0.825889807040431,-3.71090683975121,-0.748854161221105,-2.59338061257123,"-Inf",-0.889072886015864,"-Inf",0.825889807040431,"-Inf","-Inf",-0.245555419764727
"MLF1",1.25007932009234,1.08162595627524,2.51549497681101,-0.023262448573988,2.57592897522016,3.88581524895313,5.90285389521401,1.25007932009234,1.08453918714684,3.83205685770015,2.30631240940688
"PDE4DIP",8.44556995517466,8.7146994452015,8.85761308274889,8.7764873175538,8.48296460211895,9.45473399861711,8.53710007915963,8.44556995517466,8.31170070414792,8.80620538336563,8.62868381029984
"DDX10",8.60440695443952,8.01123455834943,8.28848184865458,8.72125479993139,8.02886527429958,8.58298778350428,7.56249759837579,8.60440695443952,8.64056017584238,8.0134896115713,8.86582024434012
"MAF",3.3317135275906,2.76636002885858,2.07428415135098,2.68547397166169,2.11274749906909,7.46964638339262,3.36108895394365,3.3317135275906,3.46165310048282,7.82393953568285,1.55626754003149
"SUZ12",9.74083487504303,9.63799111884523,9.47641480565817,9.4623589734511,9.29335693680208,9.18484032366395,9.26051245281107,9.74083487504303,9.68257566567168,9.53175203152782,9.51529398774729
"PER1",9.49060914341213,9.87040335739858,9.55908269142682,8.59735079627294,9.12391446417367,11.1001495320605,11.2816048537812,9.49060914341213,8.95714427678479,10.2550743067767,8.96816742198982
"EGR3",3.90032526713166,4.78488638253496,5.86777093912274,2.75573769361205,2.3371418930303,6.91116789877743,5.00331843676978,3.90032526713166,0.774680388451756,4.34331521678198,3.79894727909196
"CIITA",13.6182431106612,13.6072266538898,13.1253563183822,13.7178995668078,13.7768197758621,11.5687029794816,13.9019946879676,13.6182431106612,14.0041295484679,13.4965741346479,12.9262907868724
"NPM1",14.133632745356,13.8531369674631,14.175358597654,14.4954178730832,13.6021155267289,14.323613184571,13.8970628171395,14.133632745356,14.4070872784988,13.6139263173316,14.8680613622138
"PLAG1",8.98872455629149,7.80669103300133,8.44761997012477,8.46309571064519,8.69635931773258,7.25701666400613,8.95966917577348,8.98872455629149,9.57057783238941,7.99951987461278,9.94022598288297
"CREB3L2",8.76586204387645,8.9479757350037,8.443981145825,9.35217427572338,8.71508112161182,9.06100091597935,8.19873556484036,8.76586204387645,8.63885158921418,8.72725984503582,9.05220456541318
"RAD51B",9.76993784223131,9.74268185430899,10.1651776277774,9.11413146930642,9.82567699838389,9.7647660893892,8.99005399779586,9.76993784223131,9.7932554941341,9.67226560946167,10.2655855101948
"CSF1R",5.83162743272372,4.86910470907418,5.55200860311575,3.49377297515144,2.59652636062813,10.3178381618633,5.32599195609633,5.83162743272372,3.82038363185151,6.02898766752958,2.97730428881041
"PAPPA",-0.650528279445751,-2.09082751988086,-1.56922659518484,2.49590362211221,-0.950299538546206,"-Inf","-Inf",-0.650528279445751,"-Inf",-4.70624814377264,-2.83342336889592
"GRID1","-Inf","-Inf",-2.33572106280683,-3.28147046653491,"-Inf",1.36534931746098,"-Inf","-Inf","-Inf","-Inf","-Inf"
"LCK",7.51251358734195,9.47535248487021,8.38541696394538,9.56066371229185,9.19276198645014,11.4789897587515,8.51497739935736,7.51251358734195,8.12501552625409,11.0311560828655,10.4552230403974
"EWSR1",13.0490629494281,13.6894698430311,13.279940053873,13.1788851425265,13.1129534317078,13.3147825185528,13.3212022742083,13.0490629494281,12.9206432854314,13.1944514515977,13.0952290712477
"NKX2-5","-Inf","-Inf","-Inf","-Inf","-Inf",4.69593587037468,"-Inf","-Inf","-Inf","-Inf","-Inf"
"BCOR",9.91443973077575,10.289625315477,8.98659963094983,10.3005456328618,9.72101637666075,9.67560736983072,9.44922319301286,9.91443973077575,9.97757472986341,9.95575926344524,9.04056517412634
"EP400",9.7909835354329,9.70058924954737,8.70723502045477,9.57553931112238,9.62762733379574,10.2840264631866,9.65545055609813,9.7909835354329,9.49373996898696,10.0383339648211,8.34454620488947
"TMPRSS2","-Inf",-0.034285889731357,-0.481891941815679,"-Inf","-Inf","-Inf",-1.33345062581139,"-Inf","-Inf","-Inf","-Inf"
"CSF1",5.02509587647897,4.83784739533044,5.57403279371061,3.45206546189185,2.2552118630869,6.51378653407096,3.37317781468042,5.02509587647897,2.79624658907476,7.98680803701897,3.08633913835667
"MAML2",8.82240210144369,8.62625040582369,8.82652970988899,9.5673589536277,9.45386154253656,8.78878510125754,9.58072042359646,8.82240210144369,8.62025370186243,8.9500249546536,9.20166993299517
"SS18L1",8.21642557829338,8.07121619311107,7.65353151095747,7.29746949014843,8.27481085725653,8.4830348422511,7.80789782712086,8.21642557829338,7.71502898371033,8.50898614707003,7.42109508389629
"FOXO4",8.06680100098123,6.7917010729861,7.83158704566158,7.59808096658084,7.16078329583259,9.20828908215165,6.90331945251857,8.06680100098123,8.4136269094065,7.3921318957253,6.72990972941643
"NUTM1","-Inf","-Inf","-Inf","-Inf",-4.39668818939995,"-Inf","-Inf","-Inf","-Inf","-Inf","-Inf"
"NUTM2A",5.03186572468289,2.66456134450463,3.92817122210329,3.58550232833127,4.96472165436683,"-Inf",3.83602469569358,5.03186572468289,3.70496401077408,3.38355168700676,4.49728770674079
"WT1",1.87777879570236,5.77402798917787,2.6900500612017,7.04603687241774,5.64097823189854,5.23573892909557,5.78510956786975,1.87777879570236,5.69571337313817,4.11882141748514,8.73067455233432
"LRRC37B",9.8748608906488,9.49043921581538,10.1999190245978,9.70119030170217,9.77767434614396,10.0090222921747,9.61172996445095,9.8748608906488,9.6325516692286,9.77953608512462,10.1645177197605
"MUC1",7.16169168619651,4.93276717624092,5.38776534726152,4.3292971399134,4.98071548938021,9.99337512206177,5.5532268266543,7.16169168619651,4.82161802856967,8.99441292841538,4.35224199407962
"PBX1",6.34571230293421,1.57384322923459,5.65265100440028,3.72840022059636,2.59183832482404,7.28153373083359,2.59805571690257,6.34571230293421,6.29407624471762,5.04923671703558,3.15020627048768
"NTF3","-Inf",3.39889251054546,-0.130265962297451,"-Inf",2.18034362401245,"-Inf",-1.56420927853589,"-Inf","-Inf",0.106663225528832,"-Inf"
"MYBL1",6.50597941273566,5.57506570800289,5.96729670560112,5.84721663839897,6.52302533052711,9.09948397229521,6.25142005265542,6.50597941273566,7.11390918609196,7.96277510300521,6.13678078615032
"IKZF1",12.4545260108063,11.9145922639993,11.9747371190654,11.954412083325,12.5462274312601,12.6962216032806,12.3346417892718,12.4545260108063,12.2571495281555,12.7226419918376,11.5835081695591
"TAL2",-0.616655683247563,-0.56035133295007,2.13367070466394,"-Inf",2.64461680888906,2.16943568455291,1.570829630128,-0.616655683247563,"-Inf","-Inf",1.35417002602486
"BCR",11.7837355041691,12.4988075719156,11.13164528616,10.6428457556228,12.164639439352,11.371556036678,11.5908138238451,11.7837355041691,11.5367662122583,11.5592948359214,10.6371386241026
"TEAD1",3.12029337531391,-1.59351122088152,3.84905249290698,0.123411931324843,1.4171179877181,-2.00636766086387,1.20391402553153,3.12029337531391,2.97477836696122,4.74643106901841,-2.60875139176429
"FNBP1",10.7101828455182,10.5792406674817,9.83683702493145,12.152246520686,11.1778958022622,12.5182482955578,11.8205115239385,10.7101828455182,11.0151842075911,12.005714554137,10.7775361834516
"EPOR",8.67248371336351,8.49495532795848,8.03884122428811,8.66485700153421,7.95507084783915,5.7378471901278,9.3389609152919,8.67248371336351,8.85144174899808,7.37467487882957,8.77847074426079
"NUTM2B",5.31870479820201,4.60544650793253,4.92568574065782,5.0097300573603,5.45623690820275,4.82346807867607,4.5529842967485,5.31870479820201,5.15737248422988,3.99456071744321,4.54399579085764
"NBR1",8.76738186724455,8.07379951689029,9.07552466252283,8.38509276234533,8.639917255375,10.218852223317,8.18669566344864,8.76738186724455,9.05052600517325,9.59989488833055,8.90859571572112
"FHIT",11.4921919751468,11.0232578345643,12.0072061906425,9.46027904935342,11.1871110933085,8.60642613023614,10.7187440977024,11.4921919751468,10.8765284366644,10.0728763070189,11.4651835439638
"PAX5",12.7763858954801,13.3114489262822,12.50688738434,12.990412889349,12.6328828029148,10.5945895334353,12.613572876627,12.7763858954801,12.7411779593848,12.3369285424572,11.0879760086235
"POM121",9.12586545789649,9.2288156704511,8.05680088079103,9.11804292832191,9.21220757652669,9.73688258496647,9.49847016564135,9.12586545789649,8.6267305010073,9.63762883619206,7.94544251951571
"MYO18A",13.9814966133553,14.2216234270473,13.4500898731279,13.9174677450199,13.9241384215722,12.3751035684708,13.2270425016723,13.9814966133553,14.2120225209788,12.3118087752597,13.5070259570879
"NF1",10.4130434747405,10.2396368168412,10.4151315820472,10.1588240494507,10.0742890651202,9.89987081755389,10.0477422280507,10.4130434747405,10.343291927878,9.87177702148585,10.752278787851
"FLNA",10.2446532609033,9.26530834450223,9.43166638865953,7.85051454697465,10.6642540349162,13.596210961765,10.3137368290505,10.2446532609033,8.64006227368178,12.8344152017516,8.25689283323117
"TEAD4",3.80578193945507,2.69968354780573,0.322537360604771,1.04831710825018,2.42879175245021,2.30508654480694,3.26671968803033,3.80578193945507,2.65407390518514,3.76426153673968,2.13452752095838
"NTRK1",0.287199215154973,6.78691841022466,0.286124125579587,9.2631888345033,8.83955982208761,2.58134859559651,9.76306077958123,0.287199215154973,3.82192007414813,3.52278394550893,8.2517463416772
"YTHDF2",11.5613610352472,11.6786510303917,11.3698603366266,11.4584843264696,11.5147943034206,11.7653147156906,11.7849079294875,11.5613610352472,11.5087327329602,11.5347047542143,11.6109608869921
"RCSD1",12.729030328533,12.6960159960889,12.6845713309254,13.493135271523,13.3539023490457,11.6781544966874,12.4299159457448,12.729030328533,13.3608905389535,12.5285714639099,12.8959115435452
"ZNF521",3.73175662062243,2.17772488858161,4.6699269780906,2.56051687596486,0.799134565999538,10.738473389068,3.20721287603189,3.73175662062243,1.73269684254479,5.14515925530327,1.29802949192314
"TOP1",10.9931643288892,10.6837158175859,10.4145615053977,10.8524453039611,10.4645077364014,10.8020892771034,10.1677491423902,10.9931643288892,11.0920391567712,10.6378825053513,10.3074779086453
"MAFB",1.39753410824933,-0.164235964660046,0.404352744520633,-1.76397401776474,-0.103641340187541,5.76033361601718,1.35775185681967,1.39753410824933,-1.32138718566117,3.81485636131247,-2.40095648727173
"POU5F1",-0.742448623420746,-2.34304423683169,"-Inf",-2.28592420821381,0.775363284710872,-1.08665750122683,-1.29836400694367,-0.742448623420746,-0.686029789480445,1.36413479511803,"-Inf"
"SARNP",11.2153340639864,11.2082806348154,11.7812997334611,11.4128814739095,11.4786893222138,11.2621115766587,11.2326289624724,11.2153340639864,11.7183999617731,11.3183276134855,12.0501681138795
"OLIG2","-Inf","-Inf","-Inf","-Inf","-Inf",1.71523709150082,"-Inf","-Inf","-Inf","-Inf","-Inf"
"LNP1",3.04866132737037,2.60527741548165,3.36212435803326,3.69670485534589,2.53209049953803,2.94333850628698,2.75712568275527,3.04866132737037,3.6357180622968,1.89233389988787,4.0329542146881
"VGLL3",2.10356981461318,-2.84653187250474,1.45868594609218,-2.8628637544615,"-Inf",-0.276002908417347,-2.01431887981377,2.10356981461318,"-Inf",1.4163544392687,1.07979861186388
"ANKRD28",9.97269551412137,9.33879035061357,10.8654074772396,9.1306521236051,9.26446735337697,11.7199247266713,9.80188073814754,9.97269551412137,9.85153427777668,10.0944809938919,10.404304653135
"MLLT11",7.73855335505423,8.43206946255489,8.12045405022881,6.57916715693297,8.22186940272588,5.91159449625341,7.77991646076171,7.73855335505423,6.94871121785154,6.82829639387092,8.99171049517003
"CEBPD",4.75649819992349,0.267805435494225,3.96459325813654,4.12777935758318,0.811269614598757,5.66905829576424,3.79349037312968,4.75649819992349,2.44029473193783,6.50820842822995,-0.220592340044967
"NTF4","-Inf","-Inf","-Inf","-Inf","-Inf","-Inf","-Inf","-Inf","-Inf","-Inf","-Inf"
"BTBD18",-3.12498118885408,-3.1007686740568,-2.17097855341544,"-Inf","-Inf","-Inf","-Inf",-3.12498118885408,-3.0888867623728,-2.72087820278632,"-Inf"
"SSX2","-Inf",2.61090955420971,"-Inf",2.61434941976441,4.92772994649642,"-Inf",4.63925497293437,"-Inf","-Inf","-Inf",5.96799024386261
"ETV5",7.72418289570768,10.2271555058396,6.7122796129161,9.83608034512467,8.90378745605727,8.5702381641272,12.0136918004832,7.72418289570768,9.90321659038739,9.04489371901478,9.04741981151934
"ZNF585B",8.45310728945829,8.41004952459132,9.1044478064838,8.32637732893352,9.17175006055121,7.71034556536494,8.03425219721241,8.45310728945829,8.75242080393318,8.22900710378244,9.20879882824837
"CEBPA",3.60513586755057,1.16309291723221,4.21369232067997,0.519010419889101,0.304695601515665,6.82601044603316,0.995619827377319,3.60513586755057,1.40867925738326,5.39760053919062,0.467203299976368
"HOXA10",3.2589504626618,1.57999782981667,3.00982207974783,"-Inf",-1.0113931072594,8.22566328065828,1.17745541804149,3.2589504626618,1.57624493970482,4.94419709024256,-0.633866380181387
"CUX1",12.4150311182626,12.4700429456586,11.9514825313263,12.282586515001,11.9753496951612,11.2357164857071,12.2887070177841,12.4150311182626,12.355198311886,11.4202829847625,12.2856615506205
"RTEL1",9.35922676424073,9.32799164383539,8.99978735305869,9.32508952944256,9.34888688841997,10.129903936472,9.10368543905592,9.35922676424073,9.22674671955752,9.76960405520886,8.39385984369744
"DUX4","-Inf","-Inf","-Inf","-Inf",-1.63047433007449,-1.59082307384145,"-Inf","-Inf",-3.11201314069556,"-Inf","-Inf"
"GTF2I",12.7562381738159,12.8236887932348,12.6350463477005,12.8843831730956,12.74846775389,12.7703354871669,12.9386952754168,12.7562381738159,13.0678940998183,12.7827451487023,12.5936027146863
"SSX4",-0.436533346491942,0.261884600718011,2.16183609906221,2.4352610733499,2.87365967011775,"-Inf",3.34149964500289,-0.436533346491942,"-Inf","-Inf",4.78456470466502
"TAF15",11.5316553613611,11.5936255659643,10.9132551245416,11.6213275489529,11.5635922338486,11.6654909688098,11.2976718355157,11.5316553613611,11.2874936278917,11.8370912911484,10.7035061530987
"MLLT6","-Inf","-Inf","-Inf","-Inf","-Inf","-Inf","-Inf","-Inf","-Inf","-Inf","-Inf"
"ACACA",9.41506314704097,10.0233595149926,9.50057678562723,9.45000202671083,9.14571185888485,10.638079469076,9.4928076101771,9.41506314704097,9.72659394011088,9.49462584275887,9.44035585051457
"DACH1",5.99249119281798,2.66782152111745,6.85694086000066,4.31040367341928,0.651036532034976,10.6468788674273,1.28579576198227,5.99249119281798,4.63275922997857,7.2713908726723,2.66782356437184
"INPP5D",12.8863180114072,12.2262285313188,12.5948788161696,13.3907992938141,12.8428376068042,13.079232848376,13.396557460169,12.8863180114072,13.2632542405512,13.0740071451718,12.1120182063407
"KAT6B",10.9972406826592,10.5103561429627,10.9762369038377,10.8686075031232,10.9363689955806,10.4973427900851,10.5871283196904,10.9972406826592,10.887566192468,10.5321400874212,11.0947541114477
"OMD",-0.72720996697941,-3.70532573454736,-3.77240677409772,-3.71922418276503,"-Inf","-Inf","-Inf",-0.72720996697941,-3.6914107909147,-1.73832236528702,"-Inf"
"USP16",9.16156377760564,9.45768520021791,9.56666281266602,9.77397230965461,9.77197130859619,10.0420304144192,9.45619459877298,9.16156377760564,10.1313681179207,9.52518165172449,10.4238238370045
"CCNB1IP1",10.04236238302,9.55983963866673,10.242495819335,10.0576719760928,9.23204119776795,8.99804481580819,9.7843861882346,10.04236238302,9.73812069766377,8.58749598803,10.6655838555356
"SH3D19",1.81144061441632,"-Inf",2.17335485594795,-0.973010190057544,-1.78534796108626,-0.463935160264029,1.043692361741,1.81144061441632,-3.87596837591479,-0.573544151187928,-0.702909560944297
"TFE3",7.93536222704676,7.54514517744294,7.62984813831968,7.64061726258852,8.14281216622542,9.46445965164551,8.21308249275838,7.93536222704676,8.01853811662945,8.84029132135175,6.99414489294841
"P2RY8",7.54434257640807,8.20575176368334,7.06629306977267,7.02677538727738,8.0570543161223,8.47626168887962,7.86475652799337,7.54434257640807,6.95159385576232,8.2837705563527,6.94742327177822
"CRLF2","-Inf",0.242152479512263,0.549056973478954,"-Inf",0.443057049720414,1.38401111330583,-0.251762058507438,"-Inf",-0.07395957911475,1.97181243345419,-0.151043219135033
